Order ID,Amount,Profit,Quantity,Category,Sub-Category
B-25601,1275.0,-1148.0,7,Furniture,Bookcases
B-25601,66.0,-12.0,5,Clothing,Stole
B-25601,8.0,-2.0,3,Clothing,Hankerchief
B-25601,80.0,-56.0,4,Electronics,Electronic Games
B-25602,168.0,-111.0,2,Electronics,Phones
B-25602,424.0,-272.0,5,Electronics,Phones
B-25602,2617.0,1151.0,4,Electronics,Phones
B-25602,561.0,212.0,3,Clothing,Saree
B-25602,119.0,-5.0,8,Clothing,Saree
B-25603,1355.0,-60.0,5,Clothing,Trousers
B-25603,24.0,-30.0,1,Furniture,Chairs
B-25603,193.0,-166.0,3,Clothing,Saree
B-25603,180.0,5.0,3,Clothing,Trousers
B-25603,116.0,16.0,4,Clothing,Stole
B-25603,107.0,36.0,6,Clothing,Stole
B-25603,12.0,1.0,2,Clothing,Hankerchief
B-25603,38.0,18.0,1,Clothing,Kurti
B-25604,65.0,17.0,2,Clothing,T-Shirt
B-25604,157.0,5.0,9,Clothing,Saree
B-25605,75.0,0.0,7,Clothing,Saree
B-25606,87.0,4.0,2,Clothing,Shirt
B-25607,50.0,15.0,4,Clothing,Leggings
B-25608,1364.0,-1864.0,5,Furniture,Tables
B-25608,476.0,0.0,3,Furniture,Chairs
B-25608,257.0,23.0,5,Clothing,Hankerchief
B-25608,856.0,385.0,6,Electronics,Printers
B-25609,485.0,29.0,4,Electronics,Electronic Games
B-25609,25.0,-5.0,4,Clothing,Saree
B-25610,1076.0,-38.0,4,Electronics,Printers
B-25610,107.0,-54.0,4,Clothing,Stole
B-25610,68.0,-55.0,5,Electronics,Accessories
B-25610,781.0,-594.0,6,Electronics,Printers
B-25610,43.0,0.0,3,Clothing,Saree
B-25610,30.0,-5.0,2,Furniture,Furnishings
B-25611,160.0,-59.0,2,Clothing,Saree
B-25612,259.0,-55.0,2,Furniture,Chairs
B-25613,1603.0,0.0,9,Clothing,Saree
B-25614,494.0,54.0,4,Furniture,Bookcases
B-25614,98.0,-12.0,2,Electronics,Electronic Games
B-25615,68.0,20.0,5,Clothing,Hankerchief
B-25616,42.0,12.0,5,Clothing,Hankerchief
B-25616,116.0,-56.0,5,Clothing,Stole
B-25616,22.0,-2.0,3,Clothing,Hankerchief
B-25616,14.0,-2.0,3,Clothing,Hankerchief
B-25617,305.0,-270.0,5,Electronics,Electronic Games
B-25618,362.0,127.0,1,Furniture,Bookcases
B-25618,12.0,0.0,2,Clothing,Hankerchief
B-25619,353.0,90.0,8,Clothing,Saree
B-25620,193.0,46.0,1,Electronics,Printers
B-25621,233.0,-10.0,5,Electronics,Electronic Games
B-25621,228.0,63.0,3,Electronics,Electronic Games
B-25621,333.0,-15.0,3,Electronics,Phones
B-25622,534.0,0.0,3,Clothing,Saree
B-25623,53.0,1.0,4,Clothing,Stole
B-25623,158.0,69.0,3,Clothing,Stole
B-25623,149.0,-87.0,4,Clothing,Saree
B-25623,105.0,20.0,2,Clothing,Stole
B-25624,26.0,12.0,3,Clothing,Hankerchief
B-25625,97.0,29.0,2,Clothing,Hankerchief
B-25625,59.0,30.0,3,Clothing,Leggings
B-25625,635.0,-349.0,5,Clothing,Saree
B-25626,46.0,-14.0,1,Electronics,Phones
B-25626,1103.0,-276.0,3,Furniture,Chairs
B-25627,55.0,-39.0,4,Clothing,Stole
B-25628,45.0,13.0,4,Clothing,Skirt
B-25628,24.0,-9.0,4,Clothing,Saree
B-25628,35.0,-8.0,2,Furniture,Furnishings
B-25629,1560.0,421.0,3,Clothing,Trousers
B-25630,133.0,12.0,5,Clothing,Stole
B-25630,114.0,-39.0,5,Clothing,Kurti
B-25630,143.0,-129.0,2,Electronics,Phones
B-25630,40.0,-7.0,3,Clothing,Stole
B-25630,34.0,-22.0,4,Clothing,T-Shirt
B-25630,42.0,-26.0,2,Clothing,Kurti
B-25631,89.0,-89.0,2,Furniture,Furnishings
B-25632,19.0,-2.0,2,Clothing,Leggings
B-25633,249.0,-130.0,4,Electronics,Phones
B-25633,711.0,-8.0,4,Clothing,Saree
B-25633,496.0,-79.0,2,Clothing,Trousers
B-25634,389.0,-83.0,3,Furniture,Chairs
B-25635,40.0,16.0,3,Clothing,Hankerchief
B-25635,23.0,2.0,2,Clothing,Skirt
B-25635,382.0,30.0,3,Clothing,Saree
B-25636,637.0,113.0,5,Clothing,Saree
B-25637,117.0,14.0,3,Clothing,Shirt
B-25638,182.0,-11.0,3,Furniture,Bookcases
B-25638,880.0,97.0,8,Furniture,Furnishings
B-25638,154.0,39.0,3,Clothing,Hankerchief
B-25638,816.0,-96.0,3,Electronics,Printers
B-25639,1629.0,-153.0,3,Electronics,Phones
B-25640,68.0,-62.0,2,Clothing,Trousers
B-25640,314.0,-239.0,13,Clothing,Hankerchief
B-25640,122.0,-47.0,4,Clothing,Saree
B-25641,22.0,-6.0,1,Furniture,Furnishings
B-25642,434.0,26.0,11,Clothing,Shirt
B-25643,1061.0,-36.0,8,Furniture,Bookcases
B-25643,50.0,-44.0,2,Clothing,Hankerchief
B-25643,37.0,-23.0,4,Clothing,Shirt
B-25643,263.0,-63.0,2,Electronics,Electronic Games
B-25643,36.0,-7.0,1,Electronics,Electronic Games
B-25644,76.0,-92.0,8,Furniture,Furnishings
B-25645,273.0,-87.0,4,Electronics,Phones
B-25645,86.0,0.0,4,Clothing,T-Shirt
B-25645,133.0,-42.0,1,Electronics,Printers
B-25645,183.0,-66.0,5,Electronics,Phones
B-25646,20.0,-8.0,2,Clothing,Saree
B-25647,42.0,-6.0,4,Clothing,Saree
B-25648,100.0,-23.0,1,Electronics,Phones
B-25648,30.0,13.0,1,Clothing,T-Shirt
B-25648,55.0,-26.0,4,Clothing,Saree
B-25648,130.0,-41.0,4,Clothing,Saree
B-25649,27.0,-25.0,2,Clothing,Stole
B-25650,245.0,-78.0,2,Electronics,Printers
B-25650,211.0,-105.0,2,Clothing,Saree
B-25650,31.0,-2.0,2,Clothing,Saree
B-25650,28.0,-26.0,2,Clothing,Stole
B-25650,512.0,-225.0,5,Clothing,Saree
B-25650,925.0,-447.0,5,Electronics,Electronic Games
B-25650,238.0,20.0,2,Clothing,Saree
B-25650,351.0,-47.0,8,Electronics,Phones
B-25650,269.0,111.0,3,Clothing,Trousers
B-25651,200.0,-60.0,4,Furniture,Bookcases
B-25651,44.0,-8.0,3,Clothing,Stole
B-25651,7.0,0.0,1,Clothing,Leggings
B-25651,11.0,-4.0,2,Clothing,Skirt
B-25651,16.0,-10.0,2,Clothing,T-Shirt
B-25651,172.0,-103.0,3,Furniture,Chairs
B-25651,49.0,3.0,1,Clothing,Shirt
B-25651,823.0,-18.0,7,Furniture,Chairs
B-25651,23.0,4.0,1,Clothing,Saree
B-25651,457.0,-41.0,4,Clothing,Saree
B-25652,24.0,-21.0,7,Clothing,Skirt
B-25652,25.0,-2.0,5,Clothing,Hankerchief
B-25652,174.0,-70.0,3,Electronics,Accessories
B-25652,206.0,-206.0,3,Clothing,Saree
B-25652,21.0,-13.0,3,Clothing,Leggings
B-25652,34.0,-6.0,4,Clothing,Leggings
B-25652,9.0,-6.0,2,Clothing,Hankerchief
B-25653,1279.0,-640.0,8,Electronics,Printers
B-25653,28.0,-3.0,2,Clothing,Saree
B-25653,427.0,-50.0,7,Electronics,Phones
B-25653,168.0,-10.0,3,Electronics,Accessories
B-25653,1327.0,318.0,8,Furniture,Chairs
B-25653,195.0,-117.0,5,Electronics,Phones
B-25653,115.0,25.0,1,Electronics,Accessories
B-25653,668.0,-31.0,3,Electronics,Printers
B-25653,227.0,102.0,8,Electronics,Accessories
B-25654,34.0,12.0,3,Clothing,Hankerchief
B-25654,229.0,-23.0,2,Clothing,Saree
B-25654,54.0,-3.0,3,Clothing,Saree
B-25654,269.0,-86.0,2,Electronics,Electronic Games
B-25654,122.0,-21.0,3,Furniture,Furnishings
B-25654,105.0,46.0,2,Clothing,Stole
B-25654,450.0,-90.0,3,Electronics,Printers
B-25654,121.0,-17.0,3,Furniture,Furnishings
B-25655,44.0,-26.0,3,Clothing,Hankerchief
B-25655,7.0,-4.0,3,Clothing,Hankerchief
B-25655,396.0,-31.0,9,Clothing,Saree
B-25655,97.0,-62.0,2,Clothing,Trousers
B-25655,110.0,-68.0,4,Clothing,Saree
B-25655,312.0,-312.0,7,Furniture,Chairs
B-25655,9.0,-6.0,2,Clothing,Skirt
B-25655,6.0,-3.0,1,Clothing,Hankerchief
B-25655,74.0,23.0,8,Clothing,Skirt
B-25656,534.0,0.0,3,Clothing,Saree
B-25656,30.0,-5.0,5,Clothing,Stole
B-25656,61.0,-23.0,2,Clothing,Saree
B-25656,6.0,3.0,1,Clothing,Hankerchief
B-25656,24.0,-1.0,2,Clothing,Hankerchief
B-25656,56.0,18.0,2,Clothing,Hankerchief
B-25656,406.0,126.0,2,Clothing,Saree
B-25656,624.0,37.0,2,Electronics,Electronic Games
B-25656,101.0,18.0,9,Clothing,Skirt
B-25656,1389.0,680.0,7,Clothing,Saree
B-25656,651.0,169.0,5,Electronics,Printers
B-25656,13.0,-1.0,3,Clothing,Hankerchief
B-25657,1021.0,-48.0,4,Electronics,Electronic Games
B-25657,32.0,-22.0,5,Clothing,Saree
B-25657,332.0,-43.0,6,Electronics,Phones
B-25657,288.0,-180.0,4,Furniture,Chairs
B-25658,27.0,9.0,2,Clothing,T-Shirt
B-25659,148.0,72.0,7,Clothing,T-Shirt
B-25660,245.0,-78.0,3,Clothing,Saree
B-25661,19.0,-15.0,3,Clothing,Hankerchief
B-25661,224.0,-81.0,3,Furniture,Chairs
B-25661,58.0,-42.0,2,Furniture,Chairs
B-25661,145.0,-104.0,5,Furniture,Chairs
B-25661,55.0,-33.0,2,Furniture,Chairs
B-25661,7.0,-1.0,2,Clothing,Hankerchief
B-25662,24.0,-2.0,2,Clothing,T-Shirt
B-25662,86.0,-21.0,1,Electronics,Electronic Games
B-25662,385.0,-77.0,11,Furniture,Furnishings
B-25663,294.0,138.0,2,Electronics,Printers
B-25664,444.0,-200.0,4,Electronics,Phones
B-25664,785.0,52.0,2,Electronics,Phones
B-25664,258.0,-27.0,2,Electronics,Phones
B-25664,83.0,-48.0,1,Furniture,Bookcases
B-25665,166.0,-113.0,4,Electronics,Accessories
B-25666,934.0,-916.0,7,Electronics,Electronic Games
B-25667,11.0,-2.0,4,Clothing,Hankerchief
B-25667,41.0,6.0,5,Clothing,Skirt
B-25667,344.0,-34.0,3,Clothing,Saree
B-25667,1030.0,206.0,8,Electronics,Printers
B-25667,516.0,69.0,4,Furniture,Bookcases
B-25668,123.0,17.0,3,Furniture,Furnishings
B-25669,610.0,-66.0,2,Furniture,Tables
B-25670,74.0,29.0,3,Clothing,Stole
B-25670,24.0,1.0,2,Clothing,Hankerchief
B-25670,14.0,2.0,1,Clothing,Hankerchief
B-25670,656.0,-36.0,2,Furniture,Bookcases
B-25671,832.0,0.0,3,Clothing,Trousers
B-25672,27.0,-15.0,1,Clothing,Stole
B-25673,143.0,-124.0,5,Clothing,Saree
B-25673,44.0,-17.0,5,Clothing,Saree
B-25673,45.0,-2.0,4,Clothing,Shirt
B-25673,16.0,-1.0,1,Clothing,Saree
B-25673,37.0,-5.0,3,Clothing,T-Shirt
B-25674,17.0,-12.0,5,Clothing,Skirt
B-25675,929.0,-93.0,9,Clothing,Saree
B-25676,342.0,-103.0,4,Electronics,Electronic Games
B-25676,1263.0,-56.0,5,Clothing,Trousers
B-25676,674.0,-187.0,2,Furniture,Tables
B-25676,32.0,6.0,3,Clothing,Shirt
B-25676,79.0,36.0,4,Clothing,Shirt
B-25677,20.0,-2.0,1,Electronics,Accessories
B-25678,64.0,-7.0,3,Clothing,Saree
B-25678,7.0,-3.0,2,Clothing,Skirt
B-25678,327.0,-39.0,1,Electronics,Phones
B-25678,27.0,-25.0,2,Clothing,Shirt
B-25679,76.0,-50.0,1,Clothing,Saree
B-25680,73.0,-25.0,3,Clothing,Saree
B-25681,68.0,-27.0,3,Electronics,Accessories
B-25681,523.0,204.0,7,Clothing,Trousers
B-25681,44.0,-3.0,1,Clothing,Saree
B-25681,243.0,-14.0,2,Furniture,Chairs
B-25681,1625.0,-77.0,3,Electronics,Phones
B-25681,1096.0,-658.0,7,Electronics,Electronic Games
B-25682,545.0,-73.0,11,Electronics,Phones
B-25683,433.0,26.0,3,Electronics,Printers
B-25683,245.0,-3.0,4,Electronics,Phones
B-25683,155.0,56.0,3,Furniture,Furnishings
B-25683,148.0,52.0,5,Clothing,Stole
B-25683,86.0,-55.0,6,Clothing,Saree
B-25684,134.0,42.0,2,Furniture,Chairs
B-25685,51.0,7.0,2,Furniture,Furnishings
B-25685,529.0,137.0,3,Electronics,Phones
B-25685,264.0,-30.0,3,Furniture,Furnishings
B-25685,45.0,-2.0,4,Clothing,Shirt
B-25686,381.0,-13.0,2,Clothing,Saree
B-25686,332.0,-503.0,3,Electronics,Printers
B-25686,1829.0,-56.0,6,Furniture,Tables
B-25687,17.0,6.0,1,Clothing,Stole
B-25687,357.0,139.0,2,Clothing,Saree
B-25687,51.0,21.0,3,Clothing,T-Shirt
B-25687,387.0,-213.0,5,Clothing,Saree
B-25687,14.0,-1.0,4,Clothing,Kurti
B-25688,352.0,-345.0,5,Clothing,Saree
B-25689,469.0,-459.0,3,Electronics,Electronic Games
B-25689,97.0,17.0,2,Clothing,Stole
B-25689,149.0,36.0,3,Clothing,Stole
B-25690,31.0,10.0,3,Clothing,Skirt
B-25691,714.0,56.0,4,Clothing,Saree
B-25691,75.0,-25.0,3,Clothing,Stole
B-25691,17.0,-9.0,3,Clothing,Stole
B-25692,141.0,28.0,7,Furniture,Furnishings
B-25693,76.0,-72.0,9,Clothing,Hankerchief
B-25693,632.0,-316.0,6,Clothing,Saree
B-25693,32.0,-16.0,6,Clothing,Saree
B-25693,68.0,-30.0,1,Electronics,Phones
B-25693,82.0,-39.0,5,Clothing,T-Shirt
B-25693,72.0,-49.0,1,Electronics,Phones
B-25693,13.0,-13.0,2,Clothing,Skirt
B-25694,167.0,43.0,7,Clothing,T-Shirt
B-25695,171.0,14.0,9,Clothing,Shirt
B-25696,117.0,-6.0,3,Electronics,Phones
B-25696,116.0,-4.0,1,Clothing,Saree
B-25696,887.0,80.0,3,Electronics,Printers
B-25696,275.0,-275.0,4,Clothing,Saree
B-25696,44.0,7.0,3,Clothing,Kurti
B-25696,168.0,-9.0,3,Clothing,Saree
B-25697,114.0,8.0,3,Electronics,Accessories
B-25697,1300.0,-16.0,8,Electronics,Printers
B-25697,4.0,-3.0,1,Clothing,Skirt
B-25697,73.0,-7.0,1,Electronics,Phones
B-25697,67.0,-42.0,3,Clothing,Stole
B-25697,322.0,-193.0,5,Electronics,Printers
B-25697,115.0,-39.0,3,Clothing,Trousers
B-25698,87.0,-83.0,5,Clothing,Kurti
B-25698,27.0,-6.0,4,Clothing,Hankerchief
B-25698,207.0,-153.0,3,Clothing,Saree
B-25698,516.0,-392.0,8,Furniture,Chairs
B-25698,7.0,-2.0,1,Clothing,Hankerchief
B-25698,65.0,-16.0,2,Electronics,Phones
B-25699,20.0,-22.0,1,Furniture,Furnishings
B-25699,49.0,-31.0,2,Clothing,Stole
B-25699,34.0,-13.0,5,Clothing,Leggings
B-25699,21.0,-5.0,1,Electronics,Accessories
B-25700,129.0,-75.0,5,Clothing,Shirt
B-25700,44.0,-32.0,3,Clothing,Stole
B-25700,7.0,-3.0,2,Clothing,Hankerchief
B-25701,10.0,-8.0,2,Clothing,Skirt
B-25701,33.0,-29.0,3,Clothing,Shirt
B-25701,98.0,-45.0,2,Furniture,Chairs
B-25701,33.0,-12.0,5,Clothing,Hankerchief
B-25702,75.0,0.0,3,Clothing,Shirt
B-25702,424.0,-17.0,9,Furniture,Chairs
B-25702,31.0,-3.0,4,Clothing,Saree
B-25702,941.0,-203.0,3,Furniture,Tables
B-25702,306.0,-147.0,3,Clothing,Saree
B-25703,42.0,-23.0,2,Furniture,Furnishings
B-25703,17.0,-3.0,2,Clothing,Stole
B-25703,32.0,-5.0,5,Clothing,Hankerchief
B-25703,231.0,-190.0,9,Clothing,Hankerchief
B-25703,22.0,-15.0,4,Clothing,Kurti
B-25703,97.0,-45.0,4,Clothing,Saree
B-25703,47.0,-27.0,4,Clothing,Saree
B-25703,186.0,-141.0,9,Clothing,Shirt
B-25704,126.0,-63.0,3,Electronics,Accessories
B-25704,102.0,0.0,3,Electronics,Phones
B-25705,46.0,0.0,2,Electronics,Electronic Games
B-25706,31.0,-11.0,4,Clothing,Stole
B-25707,8.0,-6.0,1,Clothing,Stole
B-25708,191.0,13.0,8,Furniture,Furnishings
B-25708,709.0,-100.0,5,Electronics,Phones
B-25708,81.0,-51.0,7,Clothing,Stole
B-25708,32.0,-8.0,2,Clothing,Stole
B-25709,33.0,-12.0,7,Clothing,Saree
B-25709,41.0,-6.0,1,Furniture,Chairs
B-25710,216.0,-38.0,6,Furniture,Furnishings
B-25710,616.0,-69.0,7,Furniture,Furnishings
B-25710,10.0,-1.0,1,Clothing,Leggings
B-25710,25.0,0.0,4,Clothing,Skirt
B-25710,53.0,-18.0,4,Clothing,T-Shirt
B-25710,13.0,-8.0,1,Clothing,T-Shirt
B-25711,100.0,-58.0,4,Clothing,Hankerchief
B-25712,193.0,-275.0,3,Electronics,Phones
B-25713,158.0,-63.0,4,Furniture,Chairs
B-25714,11.0,-5.0,2,Clothing,Hankerchief
B-25714,340.0,20.0,7,Clothing,Shirt
B-25715,416.0,137.0,3,Electronics,Phones
B-25716,58.0,0.0,4,Clothing,Saree
B-25717,561.0,212.0,3,Clothing,Saree
B-25717,138.0,-3.0,5,Clothing,Saree
B-25717,90.0,17.0,3,Clothing,Shirt
B-25717,55.0,-33.0,2,Furniture,Chairs
B-25718,371.0,115.0,1,Furniture,Bookcases
B-25718,460.0,31.0,3,Furniture,Bookcases
B-25719,29.0,10.0,2,Clothing,Stole
B-25720,30.0,-35.0,1,Furniture,Chairs
B-25721,29.0,-18.0,7,Clothing,Skirt
B-25721,191.0,51.0,5,Clothing,Shirt
B-25721,149.0,-40.0,2,Electronics,Phones
B-25722,48.0,-8.0,8,Clothing,Stole
B-25723,26.0,-24.0,1,Clothing,Stole
B-25723,16.0,-12.0,2,Clothing,Stole
B-25723,12.0,-7.0,2,Clothing,Leggings
B-25723,76.0,-54.0,3,Electronics,Electronic Games
B-25724,168.0,-51.0,2,Furniture,Bookcases
B-25725,23.0,-5.0,7,Clothing,Hankerchief
B-25725,26.0,-5.0,2,Clothing,Stole
B-25725,144.0,-7.0,4,Electronics,Electronic Games
B-25726,490.0,-128.0,8,Furniture,Bookcases
B-25727,57.0,-48.0,6,Clothing,Leggings
B-25727,327.0,114.0,4,Clothing,Trousers
B-25728,1055.0,264.0,4,Electronics,Printers
B-25728,771.0,-424.0,2,Electronics,Phones
B-25728,322.0,-113.0,4,Clothing,Saree
B-25729,1549.0,-439.0,4,Electronics,Phones
B-25730,1145.0,-706.0,3,Electronics,Phones
B-25730,473.0,42.0,4,Furniture,Chairs
B-25730,96.0,22.0,5,Clothing,Stole
B-25730,18.0,8.0,2,Clothing,Hankerchief
B-25730,187.0,30.0,4,Electronics,Accessories
B-25730,83.0,-81.0,3,Furniture,Chairs
B-25731,131.0,-154.0,8,Furniture,Furnishings
B-25732,16.0,-5.0,2,Clothing,Stole
B-25733,43.0,-43.0,7,Clothing,Stole
B-25733,30.0,-10.0,2,Clothing,Stole
B-25733,23.0,-6.0,4,Clothing,Hankerchief
B-25734,108.0,-19.0,3,Electronics,Electronic Games
B-25735,12.0,-2.0,3,Clothing,Hankerchief
B-25735,7.0,-1.0,2,Clothing,Skirt
B-25735,15.0,-7.0,1,Clothing,Hankerchief
B-25736,31.0,-7.0,5,Clothing,Skirt
B-25737,187.0,-15.0,3,Clothing,Trousers
B-25738,70.0,-14.0,2,Furniture,Furnishings
B-25738,72.0,-6.0,3,Clothing,Saree
B-25738,1069.0,0.0,6,Clothing,Saree
B-25738,148.0,-91.0,2,Electronics,Phones
B-25739,133.0,-56.0,2,Furniture,Chairs
B-25740,40.0,-37.0,3,Clothing,Stole
B-25740,7.0,0.0,2,Clothing,Skirt
B-25740,58.0,-8.0,2,Clothing,Saree
B-25741,482.0,-6.0,7,Electronics,Electronic Games
B-25742,11.0,-8.0,2,Clothing,Skirt
B-25743,143.0,-124.0,5,Clothing,Saree
B-25743,9.0,-5.0,1,Clothing,Saree
B-25743,503.0,-56.0,2,Clothing,Trousers
B-25743,74.0,-51.0,3,Clothing,Stole
B-25743,56.0,0.0,4,Clothing,Hankerchief
B-25744,373.0,-254.0,6,Electronics,Printers
B-25745,44.0,-8.0,3,Clothing,Stole
B-25745,296.0,-225.0,11,Clothing,Saree
B-25745,670.0,15.0,5,Furniture,Bookcases
B-25745,132.0,-79.0,5,Furniture,Furnishings
B-25746,87.0,16.0,2,Clothing,Saree
B-25747,877.0,395.0,2,Furniture,Bookcases
B-25748,141.0,10.0,4,Clothing,Shirt
B-25748,224.0,58.0,3,Electronics,Phones
B-25748,8.0,-1.0,2,Clothing,Leggings
B-25748,47.0,-21.0,2,Electronics,Electronic Games
B-25749,1052.0,-82.0,3,Furniture,Bookcases
B-25750,212.0,-24.0,2,Furniture,Chairs
B-25750,42.0,-15.0,12,Clothing,Skirt
B-25750,208.0,-25.0,2,Clothing,Saree
B-25750,22.0,-12.0,3,Clothing,Stole
B-25750,539.0,-146.0,7,Furniture,Furnishings
B-25750,78.0,-6.0,2,Furniture,Furnishings
B-25750,20.0,-18.0,2,Clothing,Saree
B-25750,19.0,-1.0,1,Clothing,Shirt
B-25750,73.0,-31.0,1,Furniture,Bookcases
B-25751,10.0,-8.0,1,Clothing,Kurti
B-25751,14.0,-3.0,2,Clothing,Leggings
B-25751,68.0,-56.0,2,Electronics,Phones
B-25751,106.0,0.0,2,Electronics,Phones
B-25751,43.0,-5.0,2,Clothing,Saree
B-25751,43.0,21.0,3,Clothing,Shirt
B-25751,534.0,5.0,2,Electronics,Electronic Games
B-25751,32.0,7.0,3,Clothing,Hankerchief
B-25751,65.0,-4.0,6,Clothing,Hankerchief
B-25751,221.0,-15.0,2,Electronics,Electronic Games
B-25752,1361.0,197.0,9,Furniture,Bookcases
B-25752,761.0,266.0,9,Electronics,Electronic Games
B-25752,76.0,27.0,5,Clothing,Stole
B-25752,91.0,15.0,6,Clothing,T-Shirt
B-25752,8.0,-2.0,2,Clothing,Hankerchief
B-25752,735.0,-235.0,6,Electronics,Printers
B-25752,33.0,-27.0,1,Furniture,Chairs
B-25753,62.0,-56.0,5,Clothing,Kurti
B-25753,27.0,-20.0,2,Clothing,Hankerchief
B-25753,65.0,-52.0,3,Electronics,Accessories
B-25753,47.0,-114.0,5,Furniture,Furnishings
B-25753,341.0,-85.0,6,Clothing,Trousers
B-25753,107.0,31.0,5,Clothing,T-Shirt
B-25753,154.0,22.0,7,Clothing,T-Shirt
B-25753,620.0,82.0,6,Electronics,Accessories
B-25753,77.0,-43.0,8,Clothing,Stole
B-25754,72.0,-46.0,7,Clothing,Kurti
B-25754,41.0,-14.0,5,Clothing,Leggings
B-25754,30.0,-23.0,2,Clothing,Saree
B-25754,93.0,-65.0,4,Clothing,Stole
B-25754,19.0,0.0,3,Clothing,Skirt
B-25754,9.0,-1.0,3,Clothing,Skirt
B-25754,319.0,-312.0,5,Clothing,Saree
B-25754,262.0,-215.0,2,Electronics,Printers
B-25755,37.0,-53.0,3,Clothing,Saree
B-25755,257.0,-3.0,2,Furniture,Bookcases
B-25755,80.0,-19.0,5,Clothing,Stole
B-25755,321.0,-315.0,5,Clothing,Saree
B-25755,47.0,-3.0,2,Clothing,Stole
B-25755,593.0,213.0,4,Furniture,Bookcases
B-25755,134.0,-34.0,2,Furniture,Chairs
B-25755,1709.0,564.0,3,Clothing,Trousers
B-25755,27.0,4.0,2,Clothing,Saree
B-25756,465.0,-33.0,4,Electronics,Phones
B-25756,643.0,-45.0,2,Electronics,Printers
B-25756,204.0,-276.0,3,Furniture,Bookcases
B-25756,729.0,-492.0,5,Furniture,Bookcases
B-25756,29.0,-24.0,4,Clothing,Leggings
B-25757,17.0,-13.0,4,Clothing,Skirt
B-25757,34.0,-11.0,5,Clothing,T-Shirt
B-25757,98.0,9.0,2,Furniture,Furnishings
B-25757,3151.0,-35.0,7,Clothing,Trousers
B-25757,53.0,15.0,2,Clothing,Stole
B-25757,165.0,30.0,3,Clothing,Stole
B-25757,211.0,19.0,8,Clothing,Stole
B-25757,106.0,15.0,7,Clothing,Hankerchief
B-25757,14.0,5.0,1,Clothing,Hankerchief
B-25757,17.0,7.0,3,Clothing,Hankerchief
B-25757,46.0,14.0,5,Clothing,Skirt
B-25758,8.0,-2.0,1,Clothing,Stole
B-25759,20.0,-9.0,6,Clothing,Hankerchief
B-25760,322.0,-193.0,5,Electronics,Printers
B-25761,2188.0,1050.0,5,Furniture,Bookcases
B-25761,328.0,-15.0,3,Electronics,Electronic Games
B-25761,418.0,70.0,7,Electronics,Phones
B-25761,40.0,0.0,3,Clothing,Saree
B-25761,102.0,-90.0,1,Clothing,Saree
B-25761,263.0,-31.0,9,Electronics,Electronic Games
B-25762,1316.0,-527.0,7,Electronics,Electronic Games
B-25762,27.0,4.0,3,Clothing,Skirt
B-25762,98.0,-5.0,2,Clothing,Saree
B-25763,58.0,-52.0,3,Furniture,Chairs
B-25764,119.0,43.0,5,Clothing,T-Shirt
B-25764,765.0,-153.0,2,Electronics,Phones
B-25764,26.0,0.0,2,Clothing,Kurti
B-25764,24.0,-24.0,2,Clothing,Saree
B-25765,139.0,14.0,3,Clothing,Stole
B-25766,220.0,-19.0,2,Clothing,Saree
B-25767,299.0,-28.0,3,Electronics,Electronic Games
B-25767,9.0,-9.0,2,Clothing,Kurti
B-25767,74.0,-59.0,2,Electronics,Accessories
B-25767,29.0,-3.0,3,Clothing,Saree
B-25767,48.0,-22.0,2,Clothing,Saree
B-25768,1582.0,-443.0,6,Clothing,Trousers
B-25769,355.0,-4.0,2,Clothing,Saree
B-25770,375.0,180.0,3,Furniture,Bookcases
B-25770,299.0,113.0,2,Furniture,Bookcases
B-25770,287.0,-280.0,12,Furniture,Chairs
B-25770,110.0,35.0,1,Furniture,Furnishings
B-25771,148.0,59.0,3,Clothing,Hankerchief
B-25772,1183.0,106.0,4,Electronics,Printers
B-25773,248.0,-70.0,3,Furniture,Chairs
B-25773,85.0,-9.0,4,Clothing,Saree
B-25773,24.0,-14.0,2,Clothing,Saree
B-25773,209.0,-21.0,2,Electronics,Electronic Games
B-25773,224.0,-143.0,3,Furniture,Chairs
B-25774,38.0,-6.0,2,Furniture,Furnishings
B-25775,50.0,-17.0,2,Clothing,Stole
B-25776,47.0,-20.0,2,Clothing,Kurti
B-25777,61.0,-25.0,4,Electronics,Accessories
B-25777,69.0,-67.0,4,Clothing,Kurti
B-25777,59.0,-46.0,7,Clothing,T-Shirt
B-25777,117.0,17.0,6,Clothing,Kurti
B-25777,1076.0,-38.0,4,Electronics,Printers
B-25778,1506.0,-266.0,6,Electronics,Printers
B-25778,109.0,-6.0,6,Clothing,Saree
B-25778,933.0,166.0,5,Clothing,Saree
B-25778,724.0,-447.0,4,Electronics,Electronic Games
B-25779,1361.0,-980.0,3,Furniture,Tables
B-25780,137.0,-41.0,3,Electronics,Phones
B-25781,60.0,-49.0,8,Clothing,Hankerchief
B-25781,30.0,-25.0,2,Clothing,T-Shirt
B-25781,767.0,-353.0,5,Clothing,Trousers
B-25781,45.0,-28.0,2,Clothing,Stole
B-25781,25.0,-1.0,4,Clothing,Kurti
B-25781,584.0,-444.0,7,Electronics,Printers
B-25782,335.0,-22.0,7,Furniture,Chairs
B-25783,25.0,-11.0,1,Clothing,Stole
B-25783,30.0,-6.0,2,Clothing,Hankerchief
B-25783,33.0,-10.0,6,Clothing,Leggings
B-25783,21.0,-17.0,3,Clothing,Shirt
B-25783,26.0,2.0,2,Clothing,Hankerchief
B-25784,15.0,4.0,1,Clothing,Hankerchief
B-25785,595.0,292.0,3,Clothing,Saree
B-25785,45.0,0.0,2,Clothing,T-Shirt
B-25785,192.0,-146.0,3,Clothing,Saree
B-25785,26.0,-25.0,3,Clothing,Saree
B-25786,1854.0,433.0,5,Furniture,Bookcases
B-25786,623.0,-192.0,3,Furniture,Tables
B-25786,44.0,-34.0,3,Clothing,Stole
B-25786,17.0,-11.0,3,Clothing,Skirt
B-25787,556.0,-209.0,7,Clothing,Saree
B-25787,40.0,-12.0,3,Clothing,Shirt
B-25787,229.0,-41.0,8,Electronics,Accessories
B-25787,140.0,-58.0,4,Furniture,Furnishings
B-25788,12.0,3.0,1,Clothing,Stole
B-25789,30.0,0.0,1,Clothing,Kurti
B-25789,313.0,-13.0,5,Furniture,Bookcases
B-25789,67.0,-86.0,9,Furniture,Furnishings
B-25790,42.0,-3.0,1,Electronics,Electronic Games
B-25791,253.0,-63.0,2,Clothing,Saree
B-25791,565.0,66.0,7,Clothing,Saree
B-25791,175.0,77.0,3,Clothing,Saree
B-25792,74.0,-25.0,3,Clothing,Stole
B-25793,40.0,-33.0,5,Clothing,Hankerchief
B-25793,63.0,-24.0,6,Clothing,Kurti
B-25793,60.0,-12.0,4,Clothing,Hankerchief
B-25793,257.0,-252.0,4,Clothing,Saree
B-25793,24.0,-1.0,4,Clothing,Skirt
B-25793,18.0,1.0,3,Clothing,Hankerchief
B-25793,1402.0,109.0,11,Clothing,Saree
B-25794,176.0,37.0,6,Electronics,Accessories
B-25795,276.0,-21.0,2,Electronics,Phones
B-25796,37.0,-6.0,1,Clothing,Saree
B-25796,28.0,1.0,1,Electronics,Accessories
B-25796,239.0,-162.0,5,Furniture,Chairs
B-25796,78.0,-64.0,7,Clothing,Stole
B-25796,632.0,-316.0,6,Clothing,Saree
B-25796,559.0,-19.0,2,Clothing,Trousers
B-25796,148.0,0.0,3,Clothing,Saree
B-25797,976.0,293.0,4,Electronics,Accessories
B-25797,148.0,-101.0,2,Furniture,Bookcases
B-25797,413.0,-314.0,9,Furniture,Chairs
B-25797,89.0,-4.0,5,Clothing,Saree
B-25797,1630.0,-802.0,5,Furniture,Tables
B-25797,31.0,1.0,2,Clothing,Hankerchief
B-25798,379.0,63.0,2,Clothing,Saree
B-25798,448.0,148.0,2,Electronics,Printers
B-25798,2830.0,-1981.0,13,Furniture,Bookcases
B-25798,47.0,-3.0,2,Clothing,Stole
B-25798,38.0,-13.0,3,Clothing,Stole
B-25798,61.0,-50.0,4,Clothing,Hankerchief
B-25799,205.0,-119.0,3,Clothing,Saree
B-25799,47.0,-27.0,4,Clothing,Saree
B-25799,45.0,-15.0,2,Furniture,Chairs
B-25799,70.0,-64.0,5,Clothing,Stole
B-25800,122.0,-66.0,9,Electronics,Accessories
B-25800,21.0,-6.0,3,Clothing,Leggings
B-25800,45.0,12.0,7,Clothing,Hankerchief
B-25801,64.0,6.0,4,Clothing,Saree
B-25801,49.0,-31.0,2,Clothing,Stole
B-25801,21.0,-10.0,4,Clothing,Leggings
B-25801,15.0,-2.0,1,Clothing,T-Shirt
B-25802,27.0,-7.0,5,Clothing,Saree
B-25802,633.0,-633.0,11,Electronics,Accessories
B-25802,13.0,-9.0,2,Clothing,Skirt
B-25802,23.0,-3.0,1,Clothing,Shirt
B-25802,95.0,5.0,2,Clothing,Stole
B-25803,106.0,12.0,3,Clothing,Trousers
B-25803,269.0,91.0,1,Electronics,Electronic Games
B-25803,536.0,91.0,1,Clothing,Trousers
B-25803,137.0,5.0,5,Clothing,Shirt
B-25803,757.0,371.0,2,Electronics,Printers
B-25803,511.0,194.0,3,Furniture,Chairs
B-25803,185.0,48.0,4,Clothing,Stole
B-25803,765.0,8.0,6,Clothing,Saree
B-25804,156.0,36.0,5,Clothing,T-Shirt
B-25804,321.0,26.0,3,Electronics,Printers
B-25805,112.0,15.0,2,Furniture,Chairs
B-25806,632.0,-114.0,4,Furniture,Tables
B-25807,16.0,6.0,1,Clothing,Stole
B-25808,63.0,17.0,6,Clothing,Leggings
B-25808,146.0,-63.0,3,Electronics,Electronic Games
B-25808,59.0,21.0,2,Clothing,Stole
B-25808,210.0,50.0,4,Clothing,Hankerchief
B-25809,154.0,54.0,3,Clothing,Hankerchief
B-25809,53.0,24.0,1,Clothing,Hankerchief
B-25810,26.0,10.0,4,Clothing,Hankerchief
B-25810,1120.0,199.0,6,Clothing,Saree
B-25810,45.0,6.0,3,Clothing,Shirt
B-25810,307.0,74.0,3,Electronics,Accessories
B-25810,92.0,42.0,2,Clothing,Stole
B-25810,29.0,8.0,5,Clothing,Hankerchief
B-25811,126.0,52.0,4,Clothing,Hankerchief
B-25812,259.0,47.0,5,Clothing,Hankerchief
B-25813,911.0,202.0,7,Furniture,Chairs
B-25814,118.0,35.0,7,Clothing,T-Shirt
B-25814,462.0,169.0,4,Clothing,Saree
B-25815,35.0,14.0,2,Clothing,Stole
B-25816,391.0,113.0,8,Clothing,Stole
B-25817,743.0,89.0,5,Electronics,Printers
B-25818,75.0,28.0,9,Clothing,Hankerchief
B-25818,36.0,0.0,4,Clothing,Kurti
B-25818,32.0,11.0,2,Clothing,Leggings
B-25818,94.0,20.0,2,Furniture,Furnishings
B-25818,28.0,14.0,4,Clothing,Hankerchief
B-25819,417.0,49.0,3,Electronics,Electronic Games
B-25820,119.0,1.0,1,Furniture,Chairs
B-25821,60.0,21.0,4,Clothing,Stole
B-25821,17.0,0.0,1,Clothing,Hankerchief
B-25821,125.0,0.0,3,Electronics,Accessories
B-25822,34.0,13.0,2,Clothing,Saree
B-25823,2103.0,322.0,8,Electronics,Electronic Games
B-25823,104.0,2.0,2,Furniture,Furnishings
B-25823,59.0,6.0,1,Electronics,Accessories
B-25823,103.0,50.0,2,Furniture,Furnishings
B-25824,101.0,38.0,2,Furniture,Furnishings
B-25825,911.0,355.0,5,Electronics,Phones
B-25825,115.0,25.0,6,Clothing,Stole
B-25825,140.0,6.0,5,Clothing,Saree
B-25826,637.0,261.0,2,Electronics,Printers
B-25827,156.0,21.0,3,Furniture,Chairs
B-25828,537.0,107.0,3,Clothing,Saree
B-25828,15.0,2.0,1,Clothing,Leggings
B-25828,128.0,-3.0,3,Clothing,Saree
B-25828,222.0,35.0,5,Clothing,Saree
B-25829,345.0,38.0,7,Clothing,Hankerchief
B-25830,41.0,11.0,6,Clothing,Hankerchief
B-25830,54.0,1.0,2,Clothing,Saree
B-25830,71.0,0.0,8,Clothing,Skirt
B-25830,93.0,15.0,2,Electronics,Accessories
B-25830,1063.0,64.0,7,Electronics,Phones
B-25830,1954.0,782.0,3,Electronics,Phones
B-25831,693.0,254.0,6,Clothing,Saree
B-25832,504.0,116.0,3,Furniture,Bookcases
B-25833,64.0,27.0,5,Clothing,Hankerchief
B-25833,36.0,4.0,9,Clothing,Hankerchief
B-25833,45.0,16.0,3,Clothing,Stole
B-25834,16.0,5.0,1,Clothing,Stole
B-25835,52.0,11.0,5,Clothing,Leggings
B-25835,27.0,2.0,2,Clothing,Leggings
B-25835,155.0,26.0,3,Clothing,Stole
B-25836,1298.0,65.0,9,Electronics,Printers
B-25837,263.0,50.0,5,Clothing,Stole
B-25838,70.0,26.0,5,Clothing,Hankerchief
B-25838,81.0,19.0,7,Clothing,Hankerchief
B-25838,955.0,305.0,3,Electronics,Printers
B-25838,161.0,40.0,3,Clothing,Stole
B-25839,1250.0,486.0,7,Clothing,Saree
B-25840,246.0,61.0,2,Furniture,Bookcases
B-25840,298.0,74.0,2,Furniture,Bookcases
B-25840,262.0,64.0,6,Clothing,Saree
B-25841,22.0,11.0,2,Clothing,Skirt
B-25842,1543.0,370.0,8,Electronics,Printers
B-25843,50.0,7.0,6,Clothing,Skirt
B-25843,214.0,30.0,3,Electronics,Accessories
B-25843,255.0,74.0,5,Clothing,Hankerchief
B-25843,18.0,6.0,3,Clothing,Hankerchief
B-25843,45.0,0.0,2,Clothing,Stole
B-25844,86.0,8.0,2,Clothing,Saree
B-25845,274.0,-7.0,4,Electronics,Phones
B-25845,82.0,33.0,4,Clothing,Kurti
B-25845,757.0,371.0,2,Electronics,Printers
B-25845,132.0,54.0,5,Clothing,Stole
B-25846,94.0,7.0,7,Clothing,Leggings
B-25847,643.0,225.0,2,Electronics,Printers
B-25847,264.0,71.0,10,Furniture,Furnishings
B-25848,147.0,21.0,3,Furniture,Furnishings
B-25848,16.0,8.0,2,Clothing,Hankerchief
B-25848,648.0,50.0,6,Electronics,Electronic Games
B-25849,336.0,123.0,3,Electronics,Phones
B-25850,45.0,1.0,3,Clothing,T-Shirt
B-25850,93.0,-1.0,2,Clothing,Hankerchief
B-25850,52.0,18.0,5,Clothing,Leggings
B-25850,148.0,24.0,3,Clothing,Stole
B-25850,24.0,1.0,4,Clothing,Hankerchief
B-25850,513.0,215.0,2,Electronics,Accessories
B-25850,117.0,36.0,2,Clothing,Trousers
B-25850,916.0,192.0,11,Electronics,Phones
B-25850,485.0,199.0,4,Clothing,Saree
B-25851,10.0,2.0,2,Clothing,Hankerchief
B-25851,300.0,42.0,2,Electronics,Printers
B-25851,57.0,27.0,2,Clothing,T-Shirt
B-25851,103.0,46.0,2,Clothing,Saree
B-25851,336.0,71.0,3,Furniture,Bookcases
B-25851,53.0,24.0,6,Clothing,Hankerchief
B-25851,90.0,29.0,5,Clothing,T-Shirt
B-25851,62.0,1.0,3,Clothing,Saree
B-25851,135.0,54.0,5,Clothing,Kurti
B-25851,237.0,47.0,9,Clothing,T-Shirt
B-25852,320.0,144.0,1,Electronics,Printers
B-25852,24.0,1.0,2,Clothing,Hankerchief
B-25852,45.0,12.0,4,Clothing,Hankerchief
B-25852,97.0,17.0,2,Clothing,Stole
B-25852,50.0,16.0,1,Clothing,Stole
B-25852,869.0,67.0,4,Furniture,Tables
B-25852,105.0,33.0,5,Clothing,Kurti
B-25853,39.0,16.0,6,Clothing,Skirt
B-25853,30.0,14.0,3,Clothing,Hankerchief
B-25853,26.0,11.0,2,Clothing,Hankerchief
B-25853,19.0,6.0,2,Clothing,Saree
B-25853,579.0,139.0,3,Electronics,Printers
B-25853,2093.0,721.0,5,Furniture,Chairs
B-25853,95.0,11.0,4,Furniture,Furnishings
B-25853,128.0,4.0,3,Clothing,Saree
B-25853,199.0,48.0,4,Clothing,Stole
B-25854,149.0,48.0,6,Clothing,Stole
B-25854,436.0,131.0,9,Clothing,Hankerchief
B-25854,76.0,19.0,3,Clothing,Hankerchief
B-25854,88.0,16.0,4,Clothing,Stole
B-25854,342.0,154.0,7,Furniture,Furnishings
B-25854,40.0,16.0,3,Clothing,Hankerchief
B-25854,53.0,-2.0,3,Clothing,Saree
B-25854,381.0,144.0,2,Clothing,Saree
B-25855,829.0,19.0,4,Electronics,Printers
B-25855,442.0,31.0,2,Electronics,Electronic Games
B-25855,90.0,17.0,3,Clothing,Hankerchief
B-25855,98.0,12.0,2,Clothing,Hankerchief
B-25855,61.0,30.0,2,Clothing,Hankerchief
B-25855,1027.0,441.0,8,Clothing,Saree
B-25855,1319.0,567.0,5,Electronics,Printers
B-25855,197.0,73.0,1,Furniture,Bookcases
B-25855,550.0,242.0,5,Furniture,Furnishings
B-25856,74.0,29.0,3,Clothing,Stole
B-25856,10.0,2.0,2,Clothing,Skirt
B-25856,689.0,90.0,5,Clothing,Saree
B-25856,257.0,3.0,2,Clothing,Saree
B-25856,48.0,6.0,1,Clothing,Saree
B-25857,324.0,39.0,8,Electronics,Accessories
B-25857,598.0,166.0,4,Furniture,Bookcases
B-25857,227.0,59.0,2,Furniture,Furnishings
B-25858,22.0,8.0,3,Clothing,Hankerchief
B-25858,29.0,11.0,4,Clothing,Skirt
B-25858,27.0,5.0,2,Clothing,Skirt
B-25858,82.0,13.0,2,Clothing,Shirt
B-25858,294.0,109.0,7,Electronics,Accessories
B-25858,16.0,0.0,1,Clothing,Saree
B-25858,245.0,30.0,2,Clothing,Saree
B-25858,223.0,27.0,2,Furniture,Bookcases
B-25858,2457.0,665.0,11,Electronics,Electronic Games
B-25859,724.0,253.0,2,Furniture,Bookcases
B-25860,112.0,24.0,3,Clothing,Kurti
B-25861,128.0,4.0,3,Clothing,Saree
B-25861,50.0,3.0,2,Clothing,Stole
B-25861,62.0,6.0,5,Clothing,Hankerchief
B-25861,44.0,14.0,3,Clothing,Hankerchief
B-25861,56.0,18.0,2,Clothing,Hankerchief
B-25861,216.0,-83.0,3,Electronics,Electronic Games
B-25862,2061.0,701.0,5,Furniture,Bookcases
B-25862,121.0,41.0,4,Clothing,Stole
B-25862,80.0,3.0,3,Clothing,Stole
B-25863,189.0,87.0,7,Clothing,Stole
B-25864,100.0,6.0,4,Clothing,Stole
B-25864,17.0,5.0,1,Clothing,Hankerchief
B-25864,22.0,8.0,2,Clothing,Leggings
B-25864,27.0,9.0,2,Clothing,Hankerchief
B-25865,85.0,-1.0,3,Clothing,Saree
B-25866,51.0,14.0,2,Clothing,Stole
B-25867,31.0,14.0,3,Clothing,Stole
B-25867,240.0,12.0,6,Clothing,Kurti
B-25867,163.0,26.0,4,Clothing,Shirt
B-25868,170.0,73.0,2,Electronics,Accessories
B-25868,62.0,-1.0,1,Electronics,Phones
B-25868,1118.0,206.0,2,Furniture,Tables
B-25869,86.0,9.0,3,Clothing,Saree
B-25870,10.0,4.0,1,Clothing,Kurti
B-25870,845.0,84.0,7,Clothing,Saree
B-25870,57.0,7.0,3,Furniture,Furnishings
B-25870,473.0,113.0,9,Clothing,Hankerchief
B-25871,118.0,25.0,4,Clothing,Hankerchief
B-25872,57.0,27.0,2,Clothing,Shirt
B-25873,66.0,12.0,3,Clothing,Stole
B-25873,367.0,73.0,3,Electronics,Electronic Games
B-25873,7.0,1.0,1,Clothing,Hankerchief
B-25873,1275.0,357.0,2,Electronics,Phones
B-25873,42.0,12.0,2,Clothing,Kurti
B-25874,124.0,54.0,5,Clothing,T-Shirt
B-25875,248.0,8.0,2,Clothing,Saree
B-25876,282.0,14.0,4,Clothing,Trousers
B-25877,1137.0,568.0,2,Clothing,Trousers
B-25877,269.0,33.0,5,Furniture,Chairs
B-25877,24.0,8.0,2,Clothing,Skirt
B-25878,165.0,46.0,3,Furniture,Furnishings
B-25878,46.0,0.0,4,Clothing,Leggings
B-25878,84.0,41.0,3,Clothing,T-Shirt
B-25878,140.0,15.0,5,Clothing,Stole
B-25878,741.0,267.0,5,Furniture,Bookcases
B-25878,719.0,303.0,6,Furniture,Chairs
B-25879,57.0,28.0,2,Clothing,Kurti
B-25880,108.0,37.0,2,Clothing,Stole
B-25881,37.0,3.0,3,Clothing,Hankerchief
B-25881,26.0,9.0,2,Clothing,Leggings
B-25881,1351.0,111.0,6,Electronics,Electronic Games
B-25881,2244.0,247.0,4,Clothing,Trousers
B-25881,36.0,7.0,3,Clothing,Leggings
B-25881,2115.0,23.0,5,Furniture,Chairs
B-25882,121.0,19.0,4,Clothing,Stole
B-25883,146.0,42.0,5,Clothing,Hankerchief
B-25883,105.0,26.0,8,Clothing,Leggings
B-25883,127.0,29.0,3,Furniture,Furnishings
B-25883,16.0,-15.0,4,Clothing,Hankerchief
B-25883,10.0,-2.0,2,Clothing,Leggings
B-25884,24.0,2.0,4,Clothing,Hankerchief
B-25885,94.0,27.0,2,Clothing,Shirt
B-25885,394.0,146.0,2,Furniture,Bookcases
B-25885,734.0,248.0,2,Furniture,Chairs
B-25885,349.0,0.0,7,Clothing,Stole
B-25886,89.0,17.0,2,Clothing,Stole
B-25886,502.0,84.0,4,Electronics,Phones
B-25886,63.0,1.0,4,Clothing,T-Shirt
B-25886,107.0,37.0,3,Clothing,Shirt
B-25887,83.0,6.0,6,Clothing,Shirt
B-25887,2125.0,234.0,6,Electronics,Printers
B-25888,18.0,2.0,3,Clothing,Hankerchief
B-25888,223.0,4.0,3,Electronics,Phones
B-25888,646.0,213.0,3,Electronics,Electronic Games
B-25889,31.0,10.0,1,Clothing,Kurti
B-25889,119.0,43.0,7,Clothing,Kurti
B-25889,114.0,11.0,4,Clothing,T-Shirt
B-25890,465.0,207.0,9,Clothing,Saree
B-25891,25.0,2.0,2,Clothing,Hankerchief
B-25891,97.0,36.0,7,Clothing,Hankerchief
B-25891,121.0,41.0,4,Clothing,Stole
B-25892,139.0,30.0,3,Clothing,Shirt
B-25893,355.0,114.0,7,Clothing,Stole
B-25893,61.0,11.0,3,Clothing,Kurti
B-25893,149.0,15.0,3,Clothing,Saree
B-25893,688.0,103.0,6,Electronics,Accessories
B-25893,372.0,59.0,3,Electronics,Printers
B-25893,223.0,62.0,7,Clothing,Shirt
B-25893,83.0,12.0,3,Clothing,Stole
B-25894,1246.0,62.0,3,Furniture,Bookcases
B-25895,388.0,93.0,2,Furniture,Bookcases
B-25896,31.0,11.0,3,Clothing,Skirt
B-25896,42.0,7.0,2,Clothing,Kurti
B-25896,190.0,68.0,8,Clothing,T-Shirt
B-25896,103.0,36.0,2,Clothing,Hankerchief
B-25896,287.0,66.0,6,Clothing,Kurti
B-25896,23.0,4.0,2,Clothing,Skirt
B-25896,79.0,-2.0,2,Furniture,Furnishings
B-25897,43.0,5.0,3,Clothing,Stole
B-25897,33.0,10.0,3,Clothing,Hankerchief
B-25897,24.0,11.0,5,Clothing,Hankerchief
B-25897,734.0,213.0,6,Electronics,Electronic Games
B-25898,33.0,13.0,3,Clothing,Leggings
B-25898,499.0,33.0,4,Clothing,Saree
B-25898,147.0,73.0,3,Clothing,Stole
B-25898,53.0,5.0,3,Clothing,T-Shirt
B-25898,171.0,2.0,2,Electronics,Electronic Games
B-25898,915.0,-99.0,3,Furniture,Tables
B-25898,191.0,93.0,4,Clothing,Shirt
B-25898,857.0,274.0,2,Furniture,Tables
B-25899,22.0,9.0,2,Clothing,Leggings
B-25899,28.0,6.0,4,Clothing,Skirt
B-25899,43.0,17.0,1,Clothing,Saree
B-25899,846.0,9.0,2,Furniture,Chairs
B-25900,15.0,2.0,1,Clothing,Leggings
B-25900,140.0,68.0,5,Clothing,T-Shirt
B-25900,210.0,62.0,2,Electronics,Phones
B-25901,158.0,38.0,3,Clothing,Hankerchief
B-25901,90.0,27.0,2,Clothing,T-Shirt
B-25901,159.0,2.0,3,Furniture,Furnishings
B-25901,61.0,28.0,2,Clothing,Hankerchief
B-25902,79.0,6.0,7,Clothing,Saree
B-25902,268.0,6.0,2,Furniture,Bookcases
B-25902,802.0,120.0,7,Electronics,Accessories
B-25902,1700.0,85.0,3,Clothing,Trousers
B-25902,154.0,26.0,4,Electronics,Accessories
B-25903,455.0,77.0,8,Electronics,Accessories
B-25903,19.0,8.0,2,Clothing,Hankerchief
B-25903,25.0,11.0,3,Clothing,Leggings
B-25903,37.0,17.0,3,Clothing,Hankerchief
B-25903,60.0,-10.0,2,Furniture,Furnishings
B-25903,204.0,94.0,4,Clothing,Hankerchief
B-25903,74.0,33.0,2,Clothing,Shirt
B-25903,336.0,57.0,2,Electronics,Phones
B-25904,871.0,131.0,2,Furniture,Bookcases
B-25904,83.0,12.0,2,Furniture,Chairs
B-25905,152.0,50.0,6,Clothing,Stole
B-25906,78.0,27.0,3,Clothing,Stole
B-25907,30.0,11.0,5,Clothing,Hankerchief
B-25908,179.0,25.0,5,Clothing,Kurti
B-25909,168.0,56.0,3,Clothing,Saree
B-25909,108.0,22.0,3,Electronics,Accessories
B-25909,1622.0,248.0,3,Electronics,Phones
B-25909,323.0,122.0,5,Electronics,Phones
B-25909,12.0,2.0,2,Clothing,Skirt
B-25910,125.0,15.0,5,Clothing,Shirt
B-25910,685.0,7.0,7,Clothing,Trousers
B-25910,850.0,289.0,5,Electronics,Electronic Games
B-25910,1622.0,-624.0,5,Furniture,Tables
B-25910,259.0,47.0,5,Clothing,Hankerchief
B-25910,33.0,1.0,2,Clothing,Shirt
B-25911,40.0,15.0,1,Clothing,Kurti
B-25912,102.0,11.0,6,Clothing,T-Shirt
B-25913,103.0,21.0,7,Clothing,Stole
B-25914,460.0,143.0,3,Furniture,Chairs
B-25914,125.0,22.0,3,Clothing,Stole
B-25915,277.0,3.0,1,Electronics,Electronic Games
B-25916,80.0,26.0,9,Clothing,Skirt
B-25917,100.0,12.0,2,Clothing,T-Shirt
B-25918,244.0,122.0,5,Furniture,Furnishings
B-25919,28.0,4.0,1,Clothing,T-Shirt
B-25919,110.0,12.0,7,Clothing,Stole
B-25919,636.0,204.0,2,Electronics,Printers
B-25919,1599.0,37.0,6,Electronics,Electronic Games
B-25919,977.0,244.0,7,Electronics,Phones
B-25920,100.0,7.0,2,Clothing,T-Shirt
B-25921,170.0,19.0,5,Clothing,T-Shirt
B-25921,84.0,-42.0,2,Electronics,Accessories
B-25921,71.0,-44.0,5,Electronics,Accessories
B-25922,52.0,18.0,2,Clothing,Stole
B-25923,226.0,58.0,3,Electronics,Accessories
B-25923,484.0,28.0,3,Electronics,Printers
B-25923,253.0,-11.0,1,Clothing,Trousers
B-25923,3873.0,891.0,6,Electronics,Phones
B-25924,148.0,54.0,2,Furniture,Chairs
B-25925,27.0,12.0,1,Clothing,Stole
B-25925,314.0,-41.0,3,Electronics,Electronic Games
B-25925,1228.0,14.0,3,Furniture,Chairs
B-25926,57.0,6.0,5,Clothing,Leggings
B-25927,200.0,7.0,4,Electronics,Electronic Games
B-25928,25.0,10.0,1,Furniture,Furnishings
B-25928,122.0,15.0,3,Electronics,Accessories
B-25929,1308.0,536.0,3,Furniture,Bookcases
B-25929,216.0,-135.0,3,Furniture,Chairs
B-25929,154.0,-85.0,3,Furniture,Chairs
B-25930,40.0,13.0,3,Clothing,T-Shirt
B-25930,351.0,-94.0,5,Electronics,Electronic Games
B-25930,595.0,119.0,4,Furniture,Bookcases
B-25930,151.0,29.0,5,Clothing,Hankerchief
B-25930,58.0,17.0,2,Clothing,Hankerchief
B-25930,202.0,89.0,9,Clothing,T-Shirt
B-25931,73.0,-36.0,3,Furniture,Chairs
B-25932,71.0,-14.0,4,Furniture,Furnishings
B-25933,81.0,-44.0,3,Clothing,Stole
B-25933,412.0,-412.0,6,Clothing,Saree
B-25933,207.0,-100.0,2,Clothing,Saree
B-25934,105.0,33.0,6,Clothing,Saree
B-25935,162.0,20.0,3,Furniture,Chairs
B-25935,150.0,32.0,3,Clothing,Hankerchief
B-25935,1657.0,460.0,4,Furniture,Chairs
B-25936,61.0,25.0,4,Clothing,Saree
B-25937,1101.0,352.0,3,Furniture,Bookcases
B-25938,61.0,1.0,2,Furniture,Furnishings
B-25938,59.0,25.0,3,Clothing,Stole
B-25939,61.0,18.0,2,Electronics,Accessories
B-25939,136.0,41.0,3,Electronics,Accessories
B-25939,469.0,33.0,4,Electronics,Electronic Games
B-25940,55.0,4.0,2,Clothing,Stole
B-25940,13.0,3.0,2,Clothing,Hankerchief
B-25940,46.0,0.0,4,Clothing,Leggings
B-25941,177.0,41.0,4,Clothing,Shirt
B-25942,646.0,-23.0,2,Electronics,Printers
B-25943,48.0,20.0,4,Clothing,Stole
B-25943,26.0,7.0,4,Clothing,Hankerchief
B-25943,149.0,15.0,3,Clothing,Saree
B-25943,1547.0,340.0,6,Electronics,Accessories
B-25943,137.0,38.0,5,Clothing,Hankerchief
B-25944,169.0,38.0,3,Clothing,Saree
B-25945,245.0,10.0,2,Furniture,Bookcases
B-25945,60.0,3.0,3,Clothing,Saree
B-25945,63.0,14.0,2,Clothing,Shirt
B-25945,765.0,-36.0,3,Electronics,Electronic Games
B-25946,146.0,7.0,2,Electronics,Phones
B-25947,290.0,35.0,6,Clothing,Hankerchief
B-25947,207.0,33.0,2,Electronics,Accessories
B-25948,152.0,23.0,3,Furniture,Furnishings
B-25949,24.0,11.0,3,Clothing,Hankerchief
B-25949,140.0,57.0,2,Clothing,Trousers
B-25949,151.0,9.0,3,Clothing,Hankerchief
B-25950,13.0,4.0,1,Clothing,Leggings
B-25950,54.0,27.0,2,Clothing,Stole
B-25950,644.0,167.0,2,Electronics,Printers
B-25950,261.0,13.0,6,Clothing,Shirt
B-25950,1622.0,95.0,5,Electronics,Printers
B-25950,190.0,19.0,9,Furniture,Furnishings
B-25950,158.0,-29.0,10,Clothing,Hankerchief
B-25950,136.0,-33.0,5,Clothing,Saree
B-25950,133.0,5.0,5,Clothing,Stole
B-25951,102.0,13.0,2,Clothing,Stole
B-25951,50.0,14.0,1,Electronics,Electronic Games
B-25951,111.0,11.0,9,Clothing,Hankerchief
B-25951,120.0,23.0,5,Clothing,Stole
B-25951,40.0,18.0,1,Electronics,Accessories
B-25951,250.0,100.0,3,Clothing,Trousers
B-25951,89.0,29.0,2,Clothing,Stole
B-25951,30.0,5.0,2,Clothing,Kurti
B-25951,248.0,105.0,2,Electronics,Phones
B-25951,742.0,198.0,2,Furniture,Bookcases
B-25952,14.0,0.0,4,Clothing,Hankerchief
B-25952,87.0,32.0,9,Clothing,Skirt
B-25952,935.0,114.0,4,Electronics,Electronic Games
B-25952,173.0,69.0,3,Furniture,Chairs
B-25952,352.0,18.0,5,Clothing,Trousers
B-25952,147.0,48.0,3,Clothing,Saree
B-25952,44.0,14.0,3,Clothing,Hankerchief
B-25953,22.0,-8.0,4,Clothing,Hankerchief
B-25953,188.0,-193.0,2,Electronics,Electronic Games
B-25953,81.0,41.0,3,Clothing,Stole
B-25953,44.0,2.0,3,Clothing,Hankerchief
B-25953,116.0,22.0,1,Electronics,Accessories
B-25953,67.0,20.0,4,Clothing,T-Shirt
B-25953,744.0,119.0,6,Electronics,Printers
B-25953,1218.0,352.0,9,Furniture,Bookcases
B-25953,87.0,36.0,5,Clothing,Stole
B-25954,891.0,0.0,5,Clothing,Saree
B-25954,146.0,66.0,1,Electronics,Phones
B-25954,44.0,10.0,3,Clothing,Stole
B-25954,27.0,0.0,2,Clothing,Leggings
B-25954,48.0,11.0,2,Clothing,Shirt
B-25954,189.0,60.0,4,Furniture,Furnishings
B-25954,524.0,-25.0,2,Electronics,Electronic Games
B-25954,148.0,9.0,1,Electronics,Electronic Games
B-25955,1716.0,309.0,7,Electronics,Accessories
B-25955,45.0,8.0,4,Clothing,Skirt
B-25955,39.0,2.0,2,Clothing,Saree
B-25955,110.0,20.0,5,Clothing,Stole
B-25955,54.0,14.0,3,Clothing,T-Shirt
B-25955,954.0,95.0,3,Electronics,Printers
B-25955,2927.0,146.0,8,Furniture,Bookcases
B-25955,294.0,62.0,9,Clothing,T-Shirt
B-25955,200.0,13.0,5,Electronics,Phones
B-25956,89.0,-37.0,4,Clothing,Shirt
B-25956,59.0,10.0,2,Clothing,Hankerchief
B-25956,33.0,10.0,3,Clothing,Hankerchief
B-25956,474.0,56.0,4,Electronics,Phones
B-25956,140.0,28.0,2,Electronics,Phones
B-25957,147.0,73.0,3,Clothing,Stole
B-25957,16.0,2.0,1,Clothing,Saree
B-25957,1157.0,-13.0,9,Furniture,Bookcases
B-25958,105.0,25.0,2,Clothing,Hankerchief
B-25958,360.0,32.0,3,Clothing,Saree
B-25959,252.0,56.0,2,Electronics,Phones
B-25959,681.0,259.0,4,Furniture,Chairs
B-25959,32.0,2.0,2,Clothing,Kurti
B-25959,132.0,49.0,3,Clothing,Shirt
B-25959,637.0,212.0,8,Electronics,Phones
B-25959,429.0,17.0,3,Furniture,Chairs
B-25959,82.0,24.0,6,Clothing,Hankerchief
B-25959,23.0,8.0,2,Clothing,Hankerchief
B-25960,171.0,-140.0,2,Furniture,Bookcases
B-25961,34.0,-12.0,5,Clothing,Leggings
B-25961,366.0,84.0,3,Furniture,Bookcases
B-25961,26.0,3.0,3,Clothing,Skirt
B-25961,446.0,53.0,3,Electronics,Printers
B-25961,48.0,16.0,3,Clothing,Shirt
B-25961,34.0,10.0,3,Clothing,Skirt
B-25962,260.0,68.0,2,Electronics,Printers
B-25962,312.0,62.0,1,Electronics,Electronic Games
B-25962,544.0,-152.0,3,Furniture,Bookcases
B-25963,53.0,8.0,3,Furniture,Furnishings
B-25964,199.0,0.0,4,Clothing,Stole
B-25964,89.0,6.0,5,Clothing,Saree
B-25964,1270.0,546.0,11,Electronics,Electronic Games
B-25964,346.0,108.0,3,Furniture,Chairs
B-25965,17.0,7.0,3,Clothing,Hankerchief
B-25966,510.0,234.0,6,Electronics,Electronic Games
B-25967,17.0,2.0,2,Clothing,Skirt
B-25967,119.0,-24.0,4,Furniture,Furnishings
B-25967,229.0,59.0,9,Clothing,Saree
B-25968,811.0,154.0,7,Electronics,Accessories
B-25969,720.0,43.0,2,Electronics,Printers
B-25969,2452.0,191.0,7,Furniture,Bookcases
B-25969,171.0,17.0,6,Clothing,T-Shirt
B-25970,203.0,84.0,2,Electronics,Printers
B-25970,742.0,198.0,2,Furniture,Bookcases
B-25970,111.0,9.0,4,Clothing,Stole
B-25970,365.0,107.0,3,Electronics,Phones
B-25971,244.0,83.0,2,Furniture,Bookcases
B-25972,115.0,47.0,2,Electronics,Accessories
B-25973,571.0,108.0,12,Clothing,Stole
B-25973,398.0,111.0,8,Clothing,Hankerchief
B-25973,79.0,39.0,2,Clothing,Shirt
B-25973,39.0,14.0,5,Clothing,Leggings
B-25973,4141.0,1698.0,13,Electronics,Printers
B-25974,662.0,240.0,2,Furniture,Bookcases
B-25975,29.0,2.0,3,Clothing,Skirt
B-25976,193.0,8.0,4,Clothing,T-Shirt
B-25977,27.0,1.0,1,Clothing,Stole
B-25977,74.0,29.0,3,Clothing,Stole
B-25977,180.0,54.0,4,Clothing,T-Shirt
B-25978,1063.0,-175.0,4,Electronics,Electronic Games
B-25978,341.0,160.0,7,Clothing,Stole
B-25979,560.0,44.0,3,Clothing,Saree
B-25979,57.0,27.0,2,Clothing,Shirt
B-25979,284.0,45.0,2,Furniture,Bookcases
B-25979,12.0,1.0,2,Clothing,Hankerchief
B-25979,82.0,27.0,3,Clothing,Kurti
B-25980,22.0,11.0,3,Clothing,Kurti
B-25981,42.0,13.0,3,Clothing,Leggings
B-25981,54.0,12.0,3,Clothing,Saree
B-25981,62.0,8.0,2,Clothing,T-Shirt
B-25981,245.0,91.0,2,Furniture,Bookcases
B-25981,867.0,251.0,5,Electronics,Phones
B-25981,48.0,2.0,3,Clothing,Stole
B-25982,13.0,3.0,1,Clothing,Leggings
B-25983,230.0,5.0,2,Clothing,Saree
B-25983,32.0,-12.0,1,Furniture,Chairs
B-25983,161.0,-229.0,8,Furniture,Furnishings
B-25983,50.0,-4.0,6,Clothing,T-Shirt
B-25983,561.0,118.0,5,Furniture,Bookcases
B-25984,304.0,97.0,6,Clothing,Stole
B-25985,197.0,20.0,4,Clothing,Kurti
B-25985,108.0,26.0,4,Clothing,Shirt
B-25985,32.0,8.0,5,Clothing,Hankerchief
B-25985,44.0,11.0,4,Clothing,Stole
B-25986,749.0,307.0,7,Furniture,Furnishings
B-25986,71.0,4.0,5,Clothing,Leggings
B-25986,487.0,-23.0,3,Electronics,Printers
B-25986,918.0,22.0,9,Electronics,Electronic Games
B-25987,299.0,0.0,6,Clothing,Stole
B-25987,88.0,11.0,7,Clothing,Hankerchief
B-25988,79.0,24.0,9,Clothing,Skirt
B-25989,44.0,14.0,3,Clothing,Hankerchief
B-25989,10.0,5.0,1,Clothing,Stole
B-25989,42.0,15.0,1,Electronics,Accessories
B-25989,330.0,81.0,1,Furniture,Bookcases
B-25989,338.0,41.0,7,Clothing,Hankerchief
B-25990,71.0,32.0,3,Clothing,Saree
B-25991,188.0,13.0,7,Clothing,Shirt
B-25991,90.0,30.0,2,Furniture,Chairs
B-25991,13.0,5.0,2,Clothing,Hankerchief
B-25992,141.0,41.0,3,Clothing,Shirt
B-25993,44.0,8.0,2,Clothing,Stole
B-25993,610.0,208.0,3,Electronics,Printers
B-25993,4363.0,305.0,5,Furniture,Tables
B-25993,414.0,199.0,3,Electronics,Phones
B-25993,221.0,26.0,7,Furniture,Furnishings
B-25993,201.0,32.0,4,Furniture,Furnishings
B-25993,173.0,86.0,1,Electronics,Printers
B-25994,196.0,-7.0,5,Electronics,Phones
B-25995,1314.0,342.0,3,Furniture,Bookcases
B-25996,62.0,6.0,6,Clothing,Skirt
B-25996,31.0,2.0,2,Clothing,Hankerchief
B-25996,217.0,72.0,2,Furniture,Furnishings
B-25996,286.0,140.0,6,Clothing,Shirt
B-25996,333.0,50.0,2,Electronics,Phones
B-25996,47.0,1.0,2,Clothing,Stole
B-25996,18.0,4.0,1,Clothing,Saree
B-25997,16.0,6.0,3,Clothing,Hankerchief
B-25997,231.0,99.0,2,Electronics,Electronic Games
B-25997,2292.0,127.0,7,Furniture,Bookcases
B-25997,48.0,15.0,1,Clothing,Hankerchief
B-25998,50.0,-28.0,5,Furniture,Furnishings
B-25999,26.0,-17.0,1,Clothing,Stole
B-25999,93.0,-65.0,4,Clothing,Stole
B-25999,152.0,-3.0,5,Clothing,Saree
B-25999,51.0,-49.0,2,Electronics,Electronic Games
B-25999,352.0,74.0,8,Clothing,Stole
B-25999,129.0,11.0,2,Electronics,Phones
B-25999,223.0,62.0,7,Clothing,Shirt
B-25999,770.0,323.0,3,Electronics,Accessories
B-25999,222.0,74.0,5,Clothing,Hankerchief
B-25999,215.0,-30.0,2,Clothing,Saree
B-25999,109.0,40.0,1,Furniture,Furnishings
B-26000,43.0,9.0,4,Clothing,Skirt
B-26000,676.0,151.0,3,Electronics,Printers
B-26000,597.0,93.0,4,Furniture,Chairs
B-26001,13.0,0.0,2,Clothing,Hankerchief
B-26001,149.0,17.0,4,Furniture,Furnishings
B-26001,8.0,2.0,2,Clothing,Skirt
B-26001,50.0,9.0,6,Clothing,Skirt
B-26002,80.0,22.0,3,Clothing,Stole
B-26002,276.0,52.0,5,Clothing,Saree
B-26002,71.0,19.0,3,Clothing,T-Shirt
B-26002,141.0,7.0,7,Clothing,Saree
B-26002,113.0,28.0,2,Clothing,Saree
B-26003,315.0,-8.0,3,Furniture,Chairs
B-26003,128.0,47.0,4,Clothing,Hankerchief
B-26003,652.0,13.0,6,Furniture,Furnishings
B-26003,114.0,41.0,6,Furniture,Furnishings
B-26003,79.0,16.0,3,Clothing,T-Shirt
B-26003,498.0,-116.0,4,Clothing,Saree
B-26003,1745.0,122.0,2,Furniture,Tables
B-26003,17.0,2.0,2,Clothing,Skirt
B-26004,147.0,44.0,3,Clothing,Saree
B-26004,162.0,73.0,2,Electronics,Electronic Games
B-26005,87.0,10.0,3,Clothing,Stole
B-26006,1301.0,573.0,5,Electronics,Accessories
B-26007,311.0,72.0,2,Furniture,Bookcases
B-26008,22.0,4.0,1,Clothing,Stole
B-26008,206.0,51.0,4,Clothing,Hankerchief
B-26008,57.0,24.0,5,Clothing,Leggings
B-26008,10.0,-1.0,1,Clothing,Saree
B-26009,285.0,128.0,2,Electronics,Printers
B-26009,195.0,12.0,9,Clothing,Shirt
B-26010,527.0,26.0,3,Electronics,Electronic Games
B-26010,29.0,3.0,2,Clothing,Stole
B-26010,85.0,13.0,2,Clothing,Shirt
B-26010,18.0,2.0,3,Clothing,Hankerchief
B-26010,176.0,-13.0,5,Furniture,Furnishings
B-26010,55.0,3.0,3,Clothing,T-Shirt
B-26011,93.0,44.0,2,Clothing,Stole
B-26012,21.0,8.0,2,Clothing,Saree
B-26013,29.0,10.0,3,Clothing,Skirt
B-26014,406.0,97.0,7,Furniture,Chairs
B-26014,278.0,39.0,5,Furniture,Chairs
B-26015,128.0,55.0,1,Clothing,Saree
B-26016,74.0,9.0,3,Clothing,Shirt
B-26016,202.0,4.0,4,Clothing,Hankerchief
B-26016,429.0,61.0,3,Electronics,Electronic Games
B-26016,134.0,-13.0,3,Electronics,Electronic Games
B-26017,78.0,7.0,1,Furniture,Chairs
B-26018,326.0,107.0,3,Furniture,Furnishings
B-26018,61.0,8.0,4,Clothing,Hankerchief
B-26019,585.0,175.0,13,Clothing,T-Shirt
B-26020,319.0,102.0,6,Electronics,Accessories
B-26021,122.0,59.0,7,Furniture,Furnishings
B-26021,49.0,21.0,1,Clothing,Stole
B-26021,21.0,-12.0,3,Clothing,Hankerchief
B-26022,1824.0,-1303.0,8,Electronics,Phones
B-26023,1117.0,447.0,10,Furniture,Bookcases
B-26023,29.0,0.0,3,Furniture,Furnishings
B-26023,66.0,22.0,3,Clothing,Stole
B-26023,59.0,21.0,2,Clothing,Stole
B-26024,168.0,18.0,6,Clothing,Stole
B-26025,155.0,5.0,3,Clothing,Stole
B-26025,32.0,1.0,2,Clothing,Stole
B-26025,41.0,19.0,5,Clothing,Hankerchief
B-26026,255.0,76.0,9,Clothing,Hankerchief
B-26026,25.0,2.0,3,Clothing,Kurti
B-26027,54.0,8.0,4,Clothing,T-Shirt
B-26028,77.0,36.0,2,Clothing,Shirt
B-26028,115.0,0.0,1,Electronics,Accessories
B-26028,1272.0,547.0,2,Electronics,Phones
B-26029,21.0,10.0,1,Clothing,T-Shirt
B-26030,92.0,5.0,6,Clothing,Hankerchief
B-26030,11.0,5.0,1,Clothing,Skirt
B-26030,221.0,35.0,4,Electronics,Accessories
B-26030,50.0,25.0,5,Clothing,Stole
B-26030,89.0,36.0,3,Clothing,Shirt
B-26030,291.0,93.0,2,Electronics,Printers
B-26031,67.0,9.0,4,Clothing,Leggings
B-26032,47.0,15.0,5,Clothing,Saree
B-26033,774.0,170.0,3,Electronics,Accessories
B-26033,143.0,32.0,1,Furniture,Bookcases
B-26033,111.0,35.0,5,Clothing,Shirt
B-26034,425.0,183.0,5,Electronics,Accessories
B-26035,291.0,119.0,11,Clothing,Saree
B-26035,520.0,151.0,3,Electronics,Phones
B-26035,369.0,15.0,3,Electronics,Electronic Games
B-26036,341.0,44.0,7,Furniture,Furnishings
B-26037,171.0,68.0,7,Clothing,Stole
B-26038,41.0,19.0,2,Clothing,T-Shirt
B-26038,130.0,61.0,3,Clothing,Shirt
B-26038,52.0,14.0,2,Clothing,Stole
B-26038,30.0,6.0,1,Clothing,T-Shirt
B-26039,83.0,34.0,5,Clothing,Shirt
B-26040,38.0,9.0,2,Clothing,Stole
B-26040,113.0,24.0,4,Clothing,Hankerchief
B-26040,833.0,93.0,3,Clothing,Trousers
B-26041,176.0,-28.0,5,Furniture,Furnishings
B-26042,36.0,15.0,3,Clothing,Stole
B-26043,185.0,48.0,4,Clothing,Stole
B-26043,62.0,28.0,5,Clothing,Hankerchief
B-26043,79.0,5.0,6,Clothing,Hankerchief
B-26043,30.0,12.0,3,Clothing,Skirt
B-26043,122.0,50.0,7,Clothing,Stole
B-26044,28.0,10.0,3,Clothing,Skirt
B-26045,302.0,75.0,6,Furniture,Furnishings
B-26045,376.0,0.0,7,Clothing,Stole
B-26045,179.0,77.0,1,Clothing,Saree
B-26045,27.0,5.0,1,Clothing,Stole
B-26046,32.0,3.0,8,Clothing,Hankerchief
B-26047,55.0,12.0,5,Clothing,Skirt
B-26048,163.0,81.0,2,Electronics,Accessories
B-26048,401.0,13.0,6,Furniture,Chairs
B-26048,1461.0,202.0,5,Furniture,Tables
B-26048,1104.0,209.0,4,Clothing,Trousers
B-26049,100.0,28.0,2,Clothing,Hankerchief
B-26050,325.0,32.0,7,Clothing,T-Shirt
B-26050,169.0,55.0,4,Clothing,Saree
B-26050,487.0,143.0,4,Electronics,Phones
B-26050,166.0,27.0,2,Electronics,Accessories
B-26050,79.0,32.0,3,Clothing,Saree
B-26050,32.0,6.0,3,Clothing,Shirt
B-26050,38.0,9.0,2,Clothing,Stole
B-26050,284.0,44.0,6,Clothing,Hankerchief
B-26050,382.0,92.0,2,Electronics,Printers
B-26051,184.0,85.0,6,Clothing,T-Shirt
B-26051,676.0,195.0,5,Furniture,Bookcases
B-26051,669.0,74.0,5,Furniture,Bookcases
B-26051,80.0,22.0,3,Clothing,Stole
B-26051,216.0,50.0,4,Clothing,Stole
B-26051,85.0,24.0,10,Clothing,Hankerchief
B-26051,382.0,119.0,2,Clothing,Saree
B-26051,490.0,88.0,2,Electronics,Accessories
B-26051,1337.0,147.0,7,Electronics,Printers
B-26051,600.0,102.0,5,Electronics,Electronic Games
B-26052,78.0,28.0,6,Clothing,Kurti
B-26052,101.0,16.0,4,Clothing,T-Shirt
B-26052,145.0,0.0,3,Clothing,Saree
B-26052,148.0,23.0,4,Clothing,Kurti
B-26052,15.0,1.0,1,Clothing,Shirt
B-26052,25.0,7.0,2,Clothing,Stole
B-26052,774.0,170.0,3,Electronics,Accessories
B-26053,17.0,1.0,2,Clothing,Skirt
B-26053,246.0,61.0,2,Furniture,Bookcases
B-26053,425.0,208.0,7,Clothing,Saree
B-26053,93.0,31.0,3,Electronics,Accessories
B-26053,594.0,89.0,3,Furniture,Bookcases
B-26053,85.0,2.0,6,Clothing,Stole
B-26053,27.0,6.0,3,Clothing,Skirt
B-26053,120.0,1.0,1,Furniture,Chairs
B-26053,162.0,55.0,3,Clothing,Stole
B-26054,246.0,98.0,5,Clothing,Hankerchief
B-26054,88.0,20.0,2,Clothing,Saree
B-26054,88.0,19.0,2,Clothing,Shirt
B-26054,139.0,21.0,3,Electronics,Accessories
B-26054,139.0,36.0,3,Clothing,Stole
B-26054,138.0,11.0,5,Clothing,Stole
B-26054,156.0,23.0,3,Clothing,Stole
B-26054,559.0,174.0,2,Electronics,Electronic Games
B-26055,227.0,48.0,5,Clothing,Stole
B-26055,5729.0,64.0,14,Furniture,Chairs
B-26055,94.0,27.0,2,Clothing,T-Shirt
B-26055,213.0,4.0,14,Clothing,Shirt
B-26055,250.0,-12.0,2,Electronics,Printers
B-26055,43.0,11.0,1,Clothing,Saree
B-26055,1218.0,420.0,8,Furniture,Bookcases
B-26055,671.0,114.0,9,Electronics,Phones
B-26055,57.0,7.0,2,Clothing,Shirt
B-26056,70.0,24.0,3,Clothing,Stole
B-26056,47.0,20.0,7,Clothing,Hankerchief
B-26056,33.0,9.0,2,Clothing,Hankerchief
B-26056,424.0,161.0,2,Clothing,Saree
B-26056,391.0,90.0,6,Electronics,Phones
B-26056,15.0,6.0,2,Clothing,Hankerchief
B-26056,101.0,11.0,2,Clothing,Hankerchief
B-26056,31.0,9.0,2,Clothing,Hankerchief
B-26056,220.0,40.0,2,Electronics,Accessories
B-26056,213.0,-145.0,3,Furniture,Bookcases
B-26056,19.0,-18.0,4,Clothing,Kurti
B-26056,206.0,18.0,4,Clothing,Hankerchief
B-26057,736.0,346.0,5,Electronics,Printers
B-26057,54.0,8.0,4,Clothing,T-Shirt
B-26057,659.0,-37.0,2,Furniture,Bookcases
B-26057,224.0,87.0,3,Clothing,Trousers
B-26058,212.0,97.0,7,Clothing,Hankerchief
B-26059,20.0,6.0,1,Clothing,T-Shirt
B-26060,382.0,68.0,3,Clothing,Saree
B-26061,508.0,203.0,2,Electronics,Accessories
B-26061,965.0,-68.0,3,Electronics,Printers
B-26061,206.0,12.0,1,Electronics,Printers
B-26061,642.0,180.0,5,Clothing,Saree
B-26061,109.0,52.0,2,Clothing,Stole
B-26061,27.0,8.0,2,Clothing,T-Shirt
B-26062,44.0,-40.0,3,Clothing,Stole
B-26062,50.0,-17.0,2,Clothing,Stole
B-26062,13.0,-2.0,1,Clothing,Stole
B-26063,241.0,-77.0,4,Electronics,Electronic Games
B-26064,75.0,2.0,5,Clothing,Leggings
B-26064,61.0,3.0,4,Clothing,Hankerchief
B-26064,122.0,38.0,6,Clothing,T-Shirt
B-26064,22.0,0.0,2,Clothing,Saree
B-26065,146.0,19.0,5,Clothing,Stole
B-26066,86.0,22.0,2,Clothing,Saree
B-26067,618.0,27.0,4,Furniture,Bookcases
B-26067,53.0,2.0,4,Clothing,Hankerchief
B-26067,1120.0,199.0,6,Clothing,Saree
B-26067,1137.0,-14.0,7,Electronics,Printers
B-26067,67.0,2.0,4,Clothing,T-Shirt
B-26068,193.0,33.0,5,Electronics,Accessories
B-26069,55.0,18.0,2,Clothing,Kurti
B-26070,54.0,12.0,4,Clothing,Shirt
B-26070,582.0,262.0,5,Furniture,Furnishings
B-26070,75.0,29.0,1,Clothing,Trousers
B-26070,14.0,7.0,2,Clothing,Hankerchief
B-26071,21.0,4.0,3,Clothing,Hankerchief
B-26072,313.0,44.0,3,Electronics,Electronic Games
B-26073,37.0,17.0,3,Clothing,Hankerchief
B-26073,290.0,110.0,9,Clothing,Stole
B-26073,122.0,11.0,4,Clothing,Hankerchief
B-26073,29.0,9.0,3,Clothing,Saree
B-26073,1514.0,742.0,4,Electronics,Printers
B-26074,57.0,21.0,4,Clothing,Leggings
B-26075,34.0,12.0,2,Clothing,Stole
B-26076,91.0,22.0,2,Clothing,Stole
B-26076,133.0,46.0,5,Clothing,Shirt
B-26076,60.0,13.0,2,Clothing,T-Shirt
B-26076,19.0,4.0,2,Clothing,Saree
B-26076,450.0,190.0,4,Furniture,Bookcases
B-26077,62.0,11.0,7,Clothing,Hankerchief
B-26078,17.0,8.0,2,Clothing,Skirt
B-26078,44.0,20.0,2,Clothing,T-Shirt
B-26078,557.0,111.0,2,Electronics,Electronic Games
B-26078,137.0,63.0,3,Clothing,Stole
B-26079,18.0,3.0,2,Clothing,Hankerchief
B-26080,109.0,35.0,6,Clothing,T-Shirt
B-26081,359.0,-338.0,5,Furniture,Bookcases
B-26081,93.0,-84.0,3,Clothing,Saree
B-26081,169.0,0.0,3,Electronics,Accessories
B-26081,79.0,33.0,4,Clothing,Stole
B-26081,24.0,11.0,3,Clothing,Hankerchief
B-26081,637.0,50.0,5,Clothing,Saree
B-26082,95.0,5.0,2,Clothing,Stole
B-26083,43.0,8.0,3,Clothing,Leggings
B-26083,145.0,16.0,3,Clothing,T-Shirt
B-26083,34.0,3.0,3,Clothing,Saree
B-26083,143.0,6.0,2,Electronics,Accessories
B-26083,45.0,17.0,1,Electronics,Accessories
B-26084,209.0,-63.0,4,Electronics,Electronic Games
B-26085,86.0,22.0,2,Clothing,Saree
B-26085,1487.0,624.0,3,Clothing,Trousers
B-26085,40.0,17.0,2,Clothing,Stole
B-26085,132.0,-10.0,3,Clothing,Saree
B-26086,43.0,17.0,2,Clothing,T-Shirt
B-26086,762.0,101.0,6,Electronics,Printers
B-26086,25.0,2.0,2,Clothing,Hankerchief
B-26087,119.0,56.0,7,Clothing,Saree
B-26087,46.0,13.0,3,Clothing,Hankerchief
B-26087,311.0,40.0,1,Electronics,Electronic Games
B-26087,40.0,10.0,2,Clothing,Stole
B-26087,180.0,0.0,8,Clothing,Stole
B-26088,11.0,5.0,2,Clothing,Hankerchief
B-26089,59.0,24.0,6,Clothing,Kurti
B-26089,27.0,4.0,1,Clothing,Hankerchief
B-26089,139.0,14.0,3,Clothing,Kurti
B-26090,80.0,22.0,3,Clothing,Stole
B-26091,158.0,69.0,3,Clothing,Stole
B-26091,29.0,10.0,4,Clothing,Hankerchief
B-26091,59.0,10.0,4,Clothing,Leggings
B-26092,97.0,14.0,2,Clothing,T-Shirt
B-26093,33.0,-1.0,1,Clothing,Saree
B-26093,2847.0,712.0,8,Electronics,Printers
B-26093,852.0,51.0,5,Furniture,Bookcases
B-26093,492.0,187.0,2,Electronics,Accessories
B-26093,81.0,41.0,5,Clothing,Leggings
B-26093,49.0,5.0,4,Clothing,Hankerchief
B-26093,148.0,25.0,3,Clothing,Saree
B-26094,152.0,50.0,6,Clothing,Stole
B-26095,6.0,1.0,1,Clothing,Kurti
B-26096,45.0,9.0,3,Clothing,Leggings
B-26096,103.0,46.0,2,Clothing,Saree
B-26096,140.0,56.0,4,Clothing,Shirt
B-26096,88.0,11.0,3,Electronics,Accessories
B-26096,451.0,25.0,3,Electronics,Phones
B-26096,264.0,-26.0,3,Clothing,Trousers
B-26097,97.0,12.0,2,Clothing,Hankerchief
B-26097,14.0,5.0,1,Clothing,Hankerchief
B-26097,19.0,8.0,2,Clothing,Hankerchief
B-26097,39.0,18.0,2,Clothing,Leggings
B-26097,185.0,-26.0,6,Furniture,Chairs
B-26097,663.0,-212.0,5,Electronics,Printers
B-26097,671.0,-309.0,5,Electronics,Electronic Games
B-26098,82.0,8.0,3,Electronics,Accessories
B-26098,497.0,179.0,3,Furniture,Chairs
B-26098,96.0,48.0,5,Clothing,Leggings
B-26098,409.0,86.0,3,Clothing,Saree
B-26098,59.0,15.0,2,Clothing,T-Shirt
B-26098,46.0,14.0,5,Clothing,Skirt
B-26099,9.0,3.0,1,Clothing,Skirt
B-26099,207.0,37.0,4,Clothing,Hankerchief
B-26099,835.0,267.0,5,Electronics,Phones
B-26099,2366.0,552.0,5,Clothing,Trousers
B-26100,828.0,230.0,2,Furniture,Chairs
B-26100,34.0,10.0,2,Clothing,T-Shirt
B-26100,72.0,16.0,2,Clothing,Shirt
B-33171,3716.69,346.82,5,Electronics,Accessories
B-35470,2772.66,884.0,5,Clothing,Leggings
B-31250,2643.59,-369.36,4,Electronics,Electronic Games
B-26997,4224.72,-1217.25,7,Electronics,Phones
B-32336,4051.18,-509.66,6,Electronics,Phones
B-26036,810.97,-159.56,5,Clothing,Shirt
B-32039,812.99,-216.89,5,Furniture,Bookcases
B-27471,1854.16,665.76,4,Electronics,Printers
B-28236,1435.62,-65.36,7,Furniture,Tables
B-31902,1513.43,-409.48,1,Clothing,Saree
B-32832,434.89,-80.34,4,Clothing,Stole
B-25865,2639.67,477.99,6,Clothing,Stole
B-26775,4407.01,1596.69,6,Electronics,Phones
B-26685,1966.17,-362.35,5,Furniture,Furnishings
B-29319,3126.95,582.14,10,Electronics,Electronic Games
B-31317,2392.49,-158.16,6,Electronics,Electronic Games
B-26471,319.07,95.53,6,Electronics,Electronic Games
B-27987,2286.31,-120.39,6,Clothing,Trousers
B-29142,3221.44,723.95,10,Electronics,Electronic Games
B-29355,3352.22,-130.36,9,Electronics,Phones
B-28906,1679.59,653.52,2,Clothing,Skirt
B-33294,1987.96,-43.08,6,Furniture,Tables
B-27001,2654.07,155.52,4,Electronics,Accessories
B-32222,4435.62,-829.54,2,Electronics,Printers
B-35032,3884.36,-311.35,7,Electronics,Printers
B-32277,4804.24,546.37,1,Furniture,Chairs
B-26271,988.52,-246.32,10,Furniture,Chairs
B-28145,2218.47,169.38,5,Clothing,Kurti
B-32873,2999.81,263.5,8,Electronics,Accessories
B-30633,4798.25,571.23,1,Furniture,Furnishings
B-30359,4434.98,3.53,7,Clothing,Leggings
B-30873,1056.34,370.35,9,Electronics,Printers
B-26045,2014.77,431.31,7,Electronics,Accessories
B-28579,4179.32,-199.23,4,Electronics,Accessories
B-27955,2859.12,-728.47,8,Electronics,Printers
B-25947,3472.1,359.76,9,Furniture,Furnishings
B-31576,2247.45,-261.65,6,Electronics,Electronic Games
B-33349,285.94,-77.83,4,Clothing,T-Shirt
B-27490,2115.91,-443.35,6,Clothing,Saree
B-32377,441.24,73.15,2,Clothing,Trousers
B-27017,3296.87,1148.63,2,Clothing,T-Shirt
B-31152,1596.72,395.93,1,Furniture,Chairs
B-34143,1880.25,746.1,1,Clothing,Skirt
B-29778,4442.89,1535.85,9,Electronics,Electronic Games
B-26660,1581.31,-262.7,8,Electronics,Printers
B-32476,4535.15,208.63,6,Clothing,Stole
B-28784,3783.64,-865.99,1,Electronics,Phones
B-35121,4731.79,-139.89,1,Clothing,Kurti
B-30439,2393.7,209.96,2,Electronics,Electronic Games
B-35415,723.48,119.82,10,Furniture,Chairs
B-31949,1920.91,408.25,2,Clothing,Shirt
B-27696,232.36,76.6,2,Clothing,T-Shirt
B-34640,3156.4,-404.6,6,Electronics,Printers
B-25654,4426.79,-563.6,9,Electronics,Phones
B-26642,3726.11,616.12,8,Furniture,Chairs
B-26983,3022.98,397.62,5,Furniture,Chairs
B-33723,3237.5,-220.79,1,Clothing,Saree
B-27138,3497.87,-1035.4,3,Clothing,Saree
B-32109,4633.13,-1360.91,9,Electronics,Accessories
B-26671,1200.46,206.48,4,Electronics,Accessories
B-31411,3821.98,1200.97,2,Furniture,Chairs
B-26472,1521.91,-375.64,7,Furniture,Chairs
B-35547,2802.36,-757.23,3,Furniture,Furnishings
B-31522,4973.83,119.26,2,Clothing,Shirt
B-32705,4016.07,1388.42,2,Furniture,Furnishings
B-28151,1249.12,-35.24,8,Furniture,Chairs
B-31811,4420.21,-138.31,10,Furniture,Bookcases
B-32143,1978.17,165.12,6,Clothing,Skirt
B-26794,1694.23,4.19,4,Furniture,Tables
B-30144,3576.72,-502.17,3,Clothing,Shirt
B-27496,782.51,-107.97,4,Clothing,Kurti
B-32591,664.17,60.81,2,Clothing,T-Shirt
B-27886,650.89,-178.09,2,Furniture,Chairs
B-30926,2501.22,89.67,6,Clothing,Trousers
B-31746,541.12,-87.81,7,Furniture,Bookcases
B-29640,4197.19,-707.33,2,Furniture,Bookcases
B-29365,666.94,85.27,9,Clothing,Skirt
B-27442,3642.41,1112.35,4,Electronics,Printers
B-29183,509.6,114.05,1,Furniture,Furnishings
B-34515,3022.15,-845.19,7,Electronics,Accessories
B-30532,2315.57,72.61,10,Clothing,Kurti
B-25791,767.55,-89.6,10,Clothing,Trousers
B-28694,4427.9,592.22,6,Electronics,Printers
B-33312,3564.87,130.38,1,Clothing,Stole
B-33961,854.23,136.41,4,Furniture,Bookcases
B-28370,1901.75,451.74,6,Electronics,Accessories
B-32356,4705.72,-280.73,2,Clothing,Saree
B-34310,1059.6,284.77,5,Clothing,Hankerchief
B-28865,4855.63,150.69,6,Furniture,Tables
B-30508,4072.3,297.27,8,Clothing,Skirt
B-27471,307.79,86.53,5,Clothing,Hankerchief
B-33894,2670.65,998.0,2,Furniture,Tables
B-32892,3766.45,-348.94,10,Furniture,Furnishings
B-29480,1690.87,-192.57,5,Clothing,Stole
B-29340,2303.08,-550.1,4,Clothing,Saree
B-34059,2703.07,649.97,9,Clothing,Kurti
B-27685,3588.48,566.52,9,Electronics,Phones
B-26658,4588.15,1629.84,8,Furniture,Bookcases
B-33545,1909.92,-213.14,6,Clothing,Trousers
B-32903,3263.65,-338.71,4,Electronics,Accessories
B-32355,679.54,141.78,5,Furniture,Chairs
B-29526,2483.04,921.41,5,Clothing,Skirt
B-27690,890.06,-63.85,9,Clothing,Trousers
B-35376,4076.78,-1009.09,10,Clothing,T-Shirt
B-32360,3361.36,27.84,4,Electronics,Phones
B-34580,2822.07,-440.98,7,Electronics,Printers
B-25611,2983.79,966.36,1,Furniture,Furnishings
B-35568,437.85,99.56,8,Clothing,T-Shirt
B-28518,1338.17,480.51,4,Furniture,Chairs
B-26489,2251.35,77.45,7,Furniture,Furnishings
B-30881,3269.85,615.12,8,Furniture,Furnishings
B-32421,1918.15,-9.59,9,Furniture,Furnishings
B-30472,3447.65,-834.31,2,Electronics,Printers
B-28544,2280.34,240.2,6,Clothing,Saree
B-26755,458.01,155.67,7,Electronics,Electronic Games
B-30999,642.68,-124.92,7,Furniture,Chairs
B-33106,4939.06,1694.32,2,Furniture,Chairs
B-33584,3237.19,836.71,3,Furniture,Bookcases
B-29637,4067.66,503.33,10,Furniture,Chairs
B-27006,2677.15,-424.43,3,Furniture,Chairs
B-32355,3134.81,890.01,6,Electronics,Printers
B-35468,4289.6,206.29,10,Electronics,Printers
B-31109,2981.98,1113.25,10,Clothing,Trousers
B-27499,4313.26,-384.3,3,Clothing,Stole
B-34410,2754.02,-556.38,2,Clothing,Trousers
B-30094,4539.45,318.96,2,Clothing,T-Shirt
B-28641,324.31,-35.27,5,Furniture,Tables
B-31046,4836.83,-400.98,7,Electronics,Accessories
B-28928,1335.92,-100.68,6,Clothing,Saree
B-32735,4064.12,1585.14,6,Furniture,Tables
B-28546,795.08,-93.39,1,Furniture,Chairs
B-33908,2838.54,193.28,5,Furniture,Furnishings
B-30522,1072.34,37.85,10,Electronics,Accessories
B-34137,4310.79,-416.17,2,Clothing,Kurti
B-30959,2393.67,750.6,3,Clothing,Shirt
B-33495,3081.55,174.39,6,Furniture,Tables
B-30404,2350.85,790.79,9,Furniture,Tables
B-30510,3894.95,962.94,1,Clothing,Skirt
B-28070,2692.55,75.83,5,Electronics,Printers
B-25893,3023.26,-199.09,1,Clothing,Stole
B-34436,918.91,-215.43,1,Furniture,Chairs
B-34748,1256.32,263.03,8,Furniture,Furnishings
B-31586,1151.52,332.49,9,Furniture,Furnishings
B-27915,1118.68,131.59,4,Furniture,Chairs
B-29659,1015.3,-156.92,7,Electronics,Printers
B-30297,2251.5,666.52,2,Electronics,Phones
B-29089,3061.24,453.45,4,Electronics,Printers
B-35035,1835.39,328.86,1,Furniture,Furnishings
B-26451,3377.46,29.02,2,Furniture,Chairs
B-32214,1656.54,-483.3,10,Electronics,Phones
B-34705,2632.34,-265.99,9,Clothing,Stole
B-34520,1884.82,-511.18,5,Clothing,Kurti
B-35544,2780.15,-768.12,2,Clothing,Shirt
B-29611,4039.41,-285.64,2,Furniture,Tables
B-27157,2677.92,385.29,8,Clothing,Saree
B-28789,3008.51,527.66,2,Furniture,Furnishings
B-28412,3874.86,718.38,3,Furniture,Bookcases
B-33227,2891.16,-804.88,5,Furniture,Chairs
B-29317,3860.9,843.62,1,Clothing,Stole
B-31457,150.71,-45.02,8,Clothing,Shirt
B-32667,4172.51,1514.25,8,Furniture,Bookcases
B-29555,3551.18,1375.93,10,Electronics,Electronic Games
B-27263,3126.94,-132.99,7,Furniture,Tables
B-32668,4263.7,-860.49,9,Furniture,Furnishings
B-27926,2182.72,346.58,7,Clothing,Stole
B-30993,2453.39,-260.66,4,Electronics,Phones
B-30858,4773.96,-965.63,1,Clothing,Skirt
B-31566,1656.33,-170.98,3,Electronics,Electronic Games
B-25914,2703.99,-214.04,9,Electronics,Accessories
B-29717,3860.03,-445.78,5,Electronics,Phones
B-29788,731.07,-126.08,7,Clothing,Hankerchief
B-34814,852.2,202.05,1,Clothing,Trousers
B-25950,4572.07,1302.53,10,Electronics,Phones
B-29441,1485.97,468.35,7,Furniture,Furnishings
B-27230,1458.68,198.45,3,Electronics,Printers
B-33673,3952.84,1070.99,3,Electronics,Phones
B-26407,2164.75,189.3,5,Furniture,Tables
B-29018,2462.03,874.91,10,Furniture,Tables
B-30153,3154.73,783.08,4,Furniture,Chairs
B-31341,2328.22,92.47,9,Electronics,Electronic Games
B-35286,3642.99,928.91,1,Furniture,Furnishings
B-34201,4464.27,-321.8,8,Furniture,Chairs
B-28526,2578.65,682.7,8,Furniture,Bookcases
B-32462,2842.0,37.86,2,Clothing,Kurti
B-26626,3900.78,-243.16,4,Clothing,T-Shirt
B-29672,1686.38,599.94,3,Electronics,Printers
B-26364,2559.96,-620.33,4,Furniture,Tables
B-33658,2505.44,753.98,1,Furniture,Tables
B-32245,3975.82,994.38,10,Clothing,T-Shirt
B-32203,2058.55,650.13,1,Electronics,Printers
B-32019,3285.36,737.58,2,Clothing,Skirt
B-32001,1908.24,-311.07,5,Clothing,Skirt
B-31907,4677.86,-113.71,6,Electronics,Printers
B-26201,2337.71,480.96,2,Electronics,Electronic Games
B-30058,2172.8,-116.32,9,Electronics,Printers
B-34767,3570.39,-768.15,9,Electronics,Phones
B-29266,2898.39,455.73,3,Furniture,Bookcases
B-30002,495.37,-4.72,2,Electronics,Phones
B-29909,2302.97,-122.76,2,Clothing,Stole
B-26394,4845.62,-390.54,6,Electronics,Electronic Games
B-34967,4276.91,-146.88,5,Clothing,Saree
B-35276,3303.11,-695.29,6,Electronics,Accessories
B-34027,1084.68,-213.32,8,Furniture,Bookcases
B-28870,2988.81,56.9,4,Furniture,Bookcases
B-33437,3320.77,-224.56,5,Electronics,Accessories
B-31356,1108.78,101.18,7,Clothing,Skirt
B-29042,2585.99,51.82,8,Electronics,Accessories
B-33349,4807.33,-25.56,1,Electronics,Phones
B-34599,731.92,198.01,3,Furniture,Furnishings
B-26530,3048.96,-838.85,8,Clothing,Saree
B-32887,3602.32,1304.58,5,Electronics,Accessories
B-34297,4060.11,1069.41,7,Furniture,Bookcases
B-34192,1566.15,-98.01,7,Electronics,Electronic Games
B-27805,3118.36,934.82,2,Clothing,Shirt
B-33532,3504.16,181.66,7,Electronics,Phones
B-33460,2606.79,105.39,7,Furniture,Furnishings
B-32649,1365.29,-219.74,3,Clothing,T-Shirt
B-28923,2445.83,-450.44,5,Clothing,Shirt
B-30642,25.58,-4.18,5,Clothing,Saree
B-32801,3015.05,-217.59,6,Electronics,Printers
B-29345,2242.12,292.73,4,Electronics,Electronic Games
B-31909,4601.46,374.49,4,Clothing,Kurti
B-34392,3225.26,996.29,7,Furniture,Bookcases
B-28175,3245.47,42.78,3,Electronics,Printers
B-28863,4896.42,1012.99,10,Electronics,Printers
B-34703,3479.13,79.05,4,Furniture,Furnishings
B-27841,4270.2,-581.02,7,Electronics,Accessories
B-27467,4770.76,1475.89,10,Electronics,Phones
B-35328,1745.45,4.97,7,Electronics,Phones
B-28501,4494.42,94.81,5,Furniture,Tables
B-33268,3304.85,-686.54,1,Clothing,Shirt
B-26331,2591.59,-46.27,4,Clothing,Leggings
B-35450,3024.43,-416.94,5,Clothing,T-Shirt
B-27209,1882.32,80.39,4,Electronics,Phones
B-28160,2933.41,814.85,9,Furniture,Bookcases
B-31003,3800.43,72.26,6,Furniture,Bookcases
B-33662,4712.22,-941.83,7,Electronics,Printers
B-33905,2975.09,-528.37,10,Clothing,T-Shirt
B-29683,750.1,63.27,9,Furniture,Chairs
B-27668,888.95,259.53,7,Clothing,Stole
B-26485,4972.28,9.18,8,Electronics,Electronic Games
B-30563,2839.01,726.4,4,Furniture,Tables
B-35219,2539.65,848.17,7,Electronics,Accessories
B-30188,1528.73,234.47,10,Electronics,Printers
B-33473,3167.45,1194.3,10,Electronics,Printers
B-32740,3458.25,411.34,10,Furniture,Furnishings
B-28539,4692.69,518.96,3,Furniture,Chairs
B-31005,834.97,216.49,9,Clothing,Leggings
B-26219,3344.3,-773.77,10,Electronics,Electronic Games
B-28186,132.31,35.94,3,Electronics,Printers
B-26557,3134.8,204.39,3,Clothing,T-Shirt
B-34814,3225.92,450.74,5,Clothing,Trousers
B-34658,2296.88,738.69,9,Electronics,Phones
B-28632,1534.76,96.22,5,Electronics,Printers
B-31187,3286.51,-703.27,2,Clothing,Skirt
B-28418,1636.2,506.11,3,Furniture,Bookcases
B-33822,3720.58,1415.97,1,Clothing,Leggings
B-29988,1046.72,72.19,10,Clothing,Stole
B-34151,4631.76,1241.12,9,Electronics,Phones
B-28832,3547.61,-313.11,3,Furniture,Furnishings
B-32565,4377.95,603.74,8,Furniture,Bookcases
B-27563,1300.72,224.34,2,Clothing,Trousers
B-34060,4572.1,-1135.81,3,Furniture,Bookcases
B-31654,3899.22,1175.07,3,Furniture,Chairs
B-27251,2874.01,991.17,4,Furniture,Chairs
B-29257,2974.81,827.08,2,Furniture,Tables
B-29390,4114.0,311.35,8,Electronics,Accessories
B-33352,2859.97,256.36,4,Clothing,Shirt
B-29728,4916.38,1926.28,5,Furniture,Bookcases
B-33238,3800.04,699.11,9,Clothing,Stole
B-31009,3241.57,-527.73,9,Furniture,Tables
B-28918,4645.19,857.75,4,Clothing,Kurti
B-25865,2909.6,-103.33,6,Electronics,Electronic Games
B-28972,4502.89,1322.06,7,Electronics,Phones
B-30312,2749.99,1014.1,3,Clothing,T-Shirt
B-26412,3470.5,519.98,1,Furniture,Bookcases
B-30707,2241.6,741.58,2,Clothing,Skirt
B-26831,1964.75,-72.95,1,Furniture,Bookcases
B-26935,1944.08,605.55,7,Electronics,Printers
B-26194,4423.53,-557.92,5,Clothing,Shirt
B-35523,1699.53,374.29,5,Clothing,Skirt
B-26625,1046.59,339.11,9,Clothing,Skirt
B-34750,120.66,31.93,8,Clothing,Trousers
B-27355,452.34,-96.8,1,Electronics,Printers
B-31212,3205.13,-254.3,4,Furniture,Chairs
B-32156,4511.41,136.84,9,Clothing,Saree
B-34519,1279.4,161.97,9,Electronics,Printers
B-31693,4558.21,1767.73,2,Furniture,Tables
B-35071,4642.41,319.55,7,Clothing,Trousers
B-29903,564.33,128.17,2,Electronics,Phones
B-25727,2797.92,951.3,3,Electronics,Electronic Games
B-32426,3773.79,1293.17,1,Electronics,Phones
B-33802,3311.42,695.38,7,Clothing,Kurti
B-35229,2470.21,-312.1,8,Furniture,Furnishings
B-31441,4251.06,-107.26,8,Clothing,Trousers
B-34227,772.13,281.19,3,Furniture,Bookcases
B-29560,76.05,18.92,1,Clothing,Skirt
B-27347,4997.09,-448.28,7,Electronics,Electronic Games
B-35167,145.62,8.05,7,Clothing,Kurti
B-31258,1878.45,711.35,3,Electronics,Electronic Games
B-30030,1018.27,109.82,3,Clothing,Shirt
B-27606,342.77,14.95,10,Furniture,Furnishings
B-32997,305.9,19.88,8,Furniture,Chairs
B-31443,1277.83,-246.25,10,Electronics,Printers
B-34440,3704.04,-103.48,3,Electronics,Electronic Games
B-27126,4693.59,1275.85,3,Furniture,Tables
B-32003,2368.35,-438.31,7,Furniture,Furnishings
B-35486,1296.39,431.3,9,Electronics,Accessories
B-30147,2991.9,-445.12,1,Furniture,Bookcases
B-29150,4184.47,-1248.99,3,Clothing,Hankerchief
B-25665,4149.98,99.16,8,Electronics,Accessories
B-29117,2181.08,701.77,1,Furniture,Bookcases
B-28198,1013.94,139.04,10,Clothing,Skirt
B-35240,1119.86,152.02,3,Clothing,Leggings
B-27493,2230.17,268.63,3,Furniture,Furnishings
B-27947,1935.23,-81.28,7,Clothing,Skirt
B-29356,3224.88,-663.98,1,Furniture,Chairs
B-27477,2306.66,-21.79,6,Electronics,Accessories
B-28305,2514.04,-302.41,7,Electronics,Phones
B-29546,2275.7,623.15,10,Clothing,Shirt
B-29125,986.97,-21.54,7,Electronics,Printers
B-32094,4538.74,-1167.59,6,Clothing,Skirt
B-34983,3774.14,-674.06,7,Clothing,Kurti
B-27810,4876.2,293.94,8,Clothing,Leggings
B-33231,3436.9,832.4,2,Clothing,Skirt
B-26905,1063.83,-166.65,6,Electronics,Printers
B-26505,1065.81,228.15,6,Furniture,Furnishings
B-27991,4806.43,-10.32,9,Electronics,Printers
B-33655,1579.28,320.36,5,Clothing,Leggings
B-32585,3698.98,669.5,2,Furniture,Chairs
B-32920,1473.36,452.32,2,Electronics,Accessories
B-27786,2467.81,-168.39,2,Electronics,Phones
B-27567,1094.39,281.91,8,Furniture,Bookcases
B-32005,4884.6,1628.84,6,Electronics,Phones
B-34612,4301.83,728.63,6,Electronics,Printers
B-25971,2843.24,-254.62,1,Clothing,Stole
B-34243,132.21,25.83,3,Clothing,Trousers
B-29339,4060.92,-208.25,10,Clothing,T-Shirt
B-26920,4886.71,1735.99,3,Clothing,Kurti
B-27876,1093.92,342.69,6,Furniture,Chairs
B-32458,3669.01,192.03,4,Clothing,Shirt
B-32701,3694.25,-289.5,10,Furniture,Bookcases
B-28106,4517.34,-312.48,10,Furniture,Tables
B-28560,897.92,-85.52,7,Electronics,Accessories
B-32809,3964.44,727.06,1,Electronics,Accessories
B-34039,4231.44,297.15,1,Furniture,Furnishings
B-32586,3483.98,374.13,5,Clothing,Hankerchief
B-30207,3371.5,-164.92,5,Electronics,Accessories
B-28914,3851.5,-128.93,3,Electronics,Printers
B-25816,2198.58,-415.46,6,Clothing,Hankerchief
B-29989,601.33,48.24,10,Electronics,Accessories
B-30907,3478.41,1337.58,9,Electronics,Accessories
B-31592,1702.1,395.85,10,Electronics,Phones
B-29920,1252.56,-308.15,2,Furniture,Bookcases
B-25729,2758.81,-283.86,3,Furniture,Furnishings
B-28733,2529.74,790.19,1,Clothing,Hankerchief
B-27231,304.34,-44.32,10,Clothing,Leggings
B-32507,2587.87,-594.62,3,Clothing,Skirt
B-32298,4477.92,58.1,5,Electronics,Printers
B-29896,3278.9,-841.75,10,Clothing,Skirt
B-31870,4667.9,1368.4,3,Electronics,Phones
B-26157,2810.42,-189.96,8,Electronics,Electronic Games
B-33944,4398.1,817.23,2,Furniture,Furnishings
B-33197,2240.99,-333.36,6,Furniture,Tables
B-34024,1299.7,-256.23,3,Clothing,Leggings
B-28606,4120.74,-279.45,7,Clothing,Shirt
B-27843,4910.54,115.72,5,Furniture,Bookcases
B-26136,4534.49,-741.83,10,Furniture,Tables
B-29177,2929.45,723.37,7,Furniture,Chairs
B-33302,79.24,-18.76,1,Clothing,Hankerchief
B-27313,953.15,-239.66,10,Clothing,Hankerchief
B-26601,4887.67,1550.98,8,Clothing,Trousers
B-33068,2270.72,12.32,3,Electronics,Accessories
B-32116,1288.95,50.58,9,Furniture,Furnishings
B-34931,2621.32,681.31,1,Clothing,Trousers
B-29570,1687.64,29.29,3,Clothing,Stole
B-33016,1861.27,-448.32,9,Electronics,Phones
B-34261,2453.49,-499.17,4,Clothing,Skirt
B-35557,1348.92,225.83,4,Electronics,Electronic Games
B-32215,1542.16,417.58,4,Clothing,Saree
B-32984,4721.4,895.44,8,Furniture,Tables
B-30417,4525.27,1566.61,1,Electronics,Accessories
B-26585,1079.45,87.75,4,Clothing,Shirt
B-30956,2572.24,-121.72,3,Furniture,Tables
B-35174,3927.62,1021.92,1,Furniture,Furnishings
B-33036,3298.86,508.53,5,Electronics,Electronic Games
B-33458,4965.43,585.52,5,Furniture,Bookcases
B-33094,1776.81,409.35,9,Furniture,Furnishings
B-35156,325.16,-60.38,9,Clothing,Stole
B-32110,339.07,-24.74,8,Clothing,Stole
B-35541,24.32,-3.31,9,Clothing,Hankerchief
B-28704,4791.46,1467.37,1,Electronics,Electronic Games
B-32076,3058.0,731.14,5,Clothing,Stole
B-30184,3935.2,-568.08,8,Clothing,T-Shirt
B-29035,26.25,5.33,7,Clothing,Leggings
B-32353,2339.15,-14.31,4,Furniture,Tables
B-32563,3840.39,1419.85,5,Furniture,Furnishings
B-34876,4253.77,-1121.67,3,Furniture,Tables
B-32431,1013.34,52.73,2,Furniture,Chairs
B-28883,1837.38,-340.8,6,Furniture,Chairs
B-35523,1446.52,314.61,1,Clothing,Kurti
B-26926,3756.02,1266.33,9,Clothing,Shirt
B-28820,1837.37,445.17,5,Furniture,Tables
B-35111,4661.24,44.03,8,Electronics,Electronic Games
B-26181,1171.26,-343.26,9,Furniture,Bookcases
B-25628,931.0,197.38,8,Electronics,Electronic Games
B-26755,1279.08,309.71,8,Clothing,Trousers
B-35578,611.61,-115.46,5,Electronics,Electronic Games
B-34453,3102.79,-36.64,1,Electronics,Electronic Games
B-29024,1185.39,80.93,4,Furniture,Tables
B-32237,3435.05,736.82,10,Clothing,Skirt
B-34675,4733.43,-1402.78,8,Furniture,Chairs
B-28050,4983.47,723.18,3,Clothing,Hankerchief
B-35077,4268.99,-670.43,8,Electronics,Accessories
B-28249,3118.53,949.38,2,Electronics,Printers
B-27593,874.14,134.77,3,Clothing,Skirt
B-29268,3845.09,40.29,4,Electronics,Electronic Games
B-26296,3124.93,-916.78,1,Electronics,Phones
B-27255,1258.38,135.84,10,Furniture,Furnishings
B-26166,1323.88,400.28,1,Clothing,Trousers
B-29917,2118.04,794.92,10,Furniture,Chairs
B-29639,1297.42,11.8,1,Furniture,Furnishings
B-30900,1041.0,281.22,8,Electronics,Printers
B-27442,1642.99,45.29,7,Electronics,Printers
B-31248,4653.81,-230.77,1,Electronics,Phones
B-33295,1917.45,624.83,2,Clothing,Skirt
B-28706,1802.87,-491.83,10,Clothing,Trousers
B-26024,3326.86,-817.96,10,Electronics,Electronic Games
B-32869,1112.15,326.0,5,Furniture,Chairs
B-26117,3683.56,-1008.65,6,Furniture,Chairs
B-34341,1495.55,21.45,6,Furniture,Furnishings
B-27208,1858.06,501.09,7,Clothing,Trousers
B-29367,985.94,-262.55,5,Clothing,Stole
B-30506,357.42,-71.66,1,Clothing,Shirt
B-31374,170.29,51.25,6,Electronics,Printers
B-29646,772.92,-83.47,6,Electronics,Electronic Games
B-31598,1805.06,-20.83,5,Clothing,Kurti
B-35225,834.17,-122.72,8,Clothing,Trousers
B-32360,2717.26,-35.78,2,Furniture,Tables
B-26950,4839.72,1252.08,9,Furniture,Tables
B-35205,470.95,73.68,10,Furniture,Tables
B-29887,4118.28,1599.12,3,Clothing,Stole
B-27061,4332.18,-360.0,1,Furniture,Bookcases
B-31380,2424.45,84.56,4,Furniture,Chairs
B-27919,4699.28,-160.82,5,Electronics,Printers
B-34931,4806.76,816.72,10,Electronics,Phones
B-28778,1172.29,-18.67,1,Clothing,Kurti
B-32214,963.72,104.6,10,Electronics,Phones
B-33566,3905.78,865.91,6,Furniture,Furnishings
B-33216,694.29,-169.57,6,Furniture,Tables
B-25709,4237.19,1535.58,10,Clothing,Hankerchief
B-28619,4365.75,-214.07,5,Electronics,Electronic Games
B-26381,2475.91,-309.75,10,Furniture,Chairs
B-33404,3621.78,409.22,5,Electronics,Accessories
B-32149,2649.26,-95.07,10,Clothing,Stole
B-28474,3579.61,568.85,9,Electronics,Accessories
B-29216,2596.58,-671.28,7,Furniture,Furnishings
B-26404,351.41,78.32,7,Electronics,Printers
B-32110,1428.89,555.25,6,Clothing,Trousers
B-29259,2723.34,55.08,6,Clothing,Stole
B-33659,2701.41,-664.81,3,Furniture,Chairs
B-29479,1055.18,110.28,9,Furniture,Bookcases
B-31234,1364.23,203.75,3,Furniture,Bookcases
B-34932,992.98,-191.45,7,Electronics,Electronic Games
B-27753,2369.72,349.68,8,Electronics,Printers
B-31230,3070.79,-249.14,8,Electronics,Printers
B-32149,4176.88,-783.7,5,Clothing,Kurti
B-31089,4680.99,19.06,3,Furniture,Bookcases
B-27551,1553.6,-451.34,2,Clothing,T-Shirt
B-30377,643.29,55.09,1,Clothing,Leggings
B-26259,320.01,-85.03,5,Clothing,Hankerchief
B-25833,3363.29,-295.13,8,Clothing,Trousers
B-32470,2530.07,-197.49,6,Clothing,Hankerchief
B-31390,908.09,-159.51,4,Clothing,Trousers
B-35436,480.91,-99.13,1,Furniture,Furnishings
B-26993,2995.66,-869.36,6,Electronics,Electronic Games
B-33881,4927.43,-1051.85,1,Furniture,Bookcases
B-29442,1404.81,-94.53,7,Furniture,Chairs
B-26981,4296.22,1049.86,8,Electronics,Electronic Games
B-28610,1645.36,37.08,8,Electronics,Printers
B-33510,374.91,112.17,2,Clothing,Kurti
B-31219,3527.81,294.91,2,Clothing,Hankerchief
B-33124,4836.36,-850.2,6,Clothing,Trousers
B-29797,2022.6,406.4,5,Clothing,Shirt
B-34966,2804.24,-228.42,5,Clothing,Stole
B-25941,1225.84,359.95,6,Clothing,Shirt
B-32751,2222.87,-103.22,9,Electronics,Electronic Games
B-35017,1058.46,366.83,1,Electronics,Electronic Games
B-29606,2676.75,-442.57,8,Electronics,Electronic Games
B-31870,4239.5,780.63,1,Electronics,Accessories
B-26085,3569.62,1348.89,2,Clothing,Stole
B-27238,3262.31,745.12,7,Clothing,Shirt
B-34220,1727.01,43.19,1,Furniture,Tables
B-34470,4803.7,-1290.18,10,Clothing,Kurti
B-26812,2077.09,-457.3,9,Clothing,Kurti
B-26068,1968.4,430.85,5,Electronics,Phones
B-29758,60.83,6.99,10,Furniture,Furnishings
B-35358,729.54,65.76,1,Electronics,Printers
B-27930,889.69,44.67,4,Clothing,Shirt
B-26329,877.44,-80.98,8,Furniture,Furnishings
B-32064,823.84,-244.8,6,Electronics,Phones
B-31083,835.22,80.72,8,Clothing,Skirt
B-34892,1292.36,132.85,6,Electronics,Accessories
B-27494,4097.62,901.54,6,Furniture,Chairs
B-33783,3532.11,-818.31,8,Electronics,Accessories
B-26048,3289.79,204.11,4,Furniture,Tables
B-26553,1186.02,-72.01,6,Electronics,Printers
B-31151,632.53,110.41,8,Furniture,Chairs
B-26552,629.53,-162.48,3,Furniture,Chairs
B-35065,4206.52,391.18,5,Clothing,Hankerchief
B-31182,3167.97,404.81,7,Furniture,Bookcases
B-27412,598.77,-79.88,2,Clothing,Saree
B-25671,3268.87,-486.13,2,Electronics,Accessories
B-29973,2158.23,-89.44,10,Electronics,Electronic Games
B-32728,169.73,-39.66,4,Electronics,Printers
B-32252,4194.3,937.02,10,Electronics,Printers
B-25719,903.81,-117.05,9,Furniture,Furnishings
B-28996,2736.71,839.3,5,Clothing,Skirt
B-33478,1016.36,389.15,6,Electronics,Accessories
B-31133,463.02,11.34,6,Electronics,Electronic Games
B-30774,4677.43,-1318.84,6,Furniture,Furnishings
B-30744,1357.78,440.9,3,Electronics,Accessories
B-33313,3795.98,656.52,4,Furniture,Chairs
B-31834,4920.8,355.0,1,Clothing,Leggings
B-30941,2722.46,-27.16,4,Clothing,Trousers
B-28741,426.44,7.97,7,Electronics,Electronic Games
B-32038,2974.67,924.8,3,Furniture,Chairs
B-33619,3800.61,-10.03,8,Furniture,Tables
B-30503,3308.79,-152.02,10,Clothing,T-Shirt
B-30549,4458.61,-177.41,9,Furniture,Bookcases
B-28464,2838.91,-822.04,2,Clothing,Hankerchief
B-27619,311.94,25.83,4,Clothing,Shirt
B-30425,3263.95,-774.27,8,Electronics,Electronic Games
B-25656,4736.68,-229.8,3,Electronics,Phones
B-28972,351.95,44.91,1,Electronics,Electronic Games
B-25692,2477.26,795.77,7,Furniture,Bookcases
B-28814,565.56,136.3,5,Furniture,Tables
B-26269,4218.05,1350.05,3,Furniture,Chairs
B-30488,3293.05,-315.58,9,Clothing,Skirt
B-35469,453.42,-117.08,7,Furniture,Bookcases
B-27902,1679.82,543.87,1,Furniture,Bookcases
B-28846,3178.85,924.41,10,Clothing,Skirt
B-27042,2597.36,342.07,9,Electronics,Phones
B-34056,1520.17,203.17,3,Furniture,Tables
B-33298,1997.03,-60.29,2,Clothing,Stole
B-32097,3384.68,171.39,7,Clothing,Kurti
B-27861,4354.1,-832.81,7,Furniture,Tables
B-25723,3185.24,627.14,3,Furniture,Tables
B-26903,384.22,142.73,8,Furniture,Chairs
B-30085,4309.94,1018.5,8,Electronics,Electronic Games
B-30562,4902.6,-19.66,4,Furniture,Chairs
B-33172,1166.78,-267.26,10,Furniture,Bookcases
B-28798,3988.37,-441.84,4,Furniture,Furnishings
B-34345,584.13,-60.78,1,Electronics,Electronic Games
B-31837,626.27,151.4,3,Clothing,Leggings
B-27399,1190.21,206.11,10,Electronics,Phones
B-34458,1087.59,-306.94,3,Clothing,Kurti
B-32000,4595.46,-440.88,8,Clothing,T-Shirt
B-27650,84.37,21.45,4,Electronics,Printers
B-31184,2232.6,-237.41,10,Electronics,Phones
B-26695,4871.26,1467.93,2,Clothing,Stole
B-30181,3930.58,378.85,8,Furniture,Furnishings
B-35595,2481.16,192.37,10,Electronics,Accessories
B-35512,4428.86,1008.63,8,Electronics,Phones
B-26039,2864.27,449.84,7,Clothing,Shirt
B-35232,4038.85,613.25,10,Electronics,Phones
B-27324,4003.85,-708.79,5,Clothing,Leggings
B-29397,288.09,-19.59,8,Furniture,Furnishings
B-34774,2187.39,248.54,5,Clothing,Skirt
B-30645,2000.16,70.89,1,Electronics,Printers
B-32316,3337.81,-849.76,10,Clothing,Saree
B-35414,112.7,38.34,2,Clothing,Shirt
B-31655,3119.19,193.65,8,Furniture,Bookcases
B-33172,3347.05,-227.84,5,Clothing,Saree
B-34864,3670.99,1447.72,7,Clothing,Skirt
B-33946,2731.06,468.34,6,Clothing,Skirt
B-27881,4681.98,-979.55,4,Clothing,Kurti
B-34900,708.44,-135.7,2,Clothing,Leggings
B-31814,2181.03,11.78,9,Clothing,Kurti
B-32490,4511.52,-770.17,3,Clothing,Leggings
B-33247,1479.41,-232.45,7,Furniture,Tables
B-28367,817.98,61.99,7,Clothing,Saree
B-35280,1088.04,387.16,6,Clothing,Trousers
B-29996,3864.38,-1051.64,3,Clothing,T-Shirt
B-30356,4771.04,-1326.49,5,Electronics,Phones
B-32383,3540.2,726.0,3,Electronics,Phones
B-31917,1568.37,414.81,8,Electronics,Printers
B-33077,4185.18,-311.9,6,Furniture,Bookcases
B-29220,2562.61,-263.29,5,Electronics,Electronic Games
B-32760,3599.12,-675.56,8,Electronics,Electronic Games
B-32896,2615.7,-433.21,10,Electronics,Phones
B-31962,2396.27,753.03,1,Electronics,Printers
B-31078,438.26,16.53,4,Electronics,Electronic Games
B-31368,2020.88,-52.32,1,Electronics,Printers
B-27630,4566.78,-1217.21,2,Furniture,Tables
B-32955,2642.92,917.55,10,Clothing,Stole
B-33821,1412.89,310.29,7,Furniture,Tables
B-35225,3425.58,830.16,2,Furniture,Bookcases
B-27030,3291.28,73.9,10,Electronics,Phones
B-32441,1668.31,-83.4,5,Furniture,Chairs
B-33181,1702.81,161.47,7,Furniture,Bookcases
B-28236,3836.48,-630.15,10,Electronics,Phones
B-29352,1280.0,-157.33,6,Electronics,Printers
B-29741,561.54,112.28,2,Furniture,Bookcases
B-28393,4045.05,1106.14,10,Electronics,Electronic Games
B-27313,2349.37,-421.59,1,Furniture,Bookcases
B-33832,1872.16,-490.26,10,Electronics,Printers
B-32743,2623.43,-685.48,3,Furniture,Chairs
B-32816,4869.47,438.92,10,Furniture,Tables
B-31046,4665.18,1809.52,6,Furniture,Tables
B-33866,1569.97,175.22,4,Clothing,Saree
B-31406,1832.94,50.41,5,Furniture,Tables
B-26613,1482.16,458.88,7,Electronics,Phones
B-31801,167.84,-25.76,9,Electronics,Printers
B-31110,171.31,-49.04,8,Electronics,Electronic Games
B-35250,2881.18,-345.07,5,Furniture,Bookcases
B-29852,186.04,55.71,2,Clothing,Saree
B-28327,1581.87,-352.87,3,Clothing,Leggings
B-30392,2482.48,-631.11,3,Clothing,T-Shirt
B-33205,952.55,377.62,3,Electronics,Accessories
B-33587,3845.6,387.37,4,Furniture,Tables
B-26702,1856.88,325.67,2,Clothing,Hankerchief
B-30265,3592.59,1019.0,5,Furniture,Furnishings
B-32674,3871.14,1464.0,1,Furniture,Furnishings
B-27474,1731.7,-432.9,3,Clothing,Trousers
B-26305,4705.67,-621.04,5,Electronics,Accessories
B-33736,2523.89,253.78,1,Electronics,Printers
B-27772,2366.79,-203.11,7,Clothing,Stole
B-27423,4044.89,-535.37,3,Electronics,Electronic Games
B-28074,4235.16,1511.9,8,Electronics,Accessories
B-31268,1404.17,-271.07,10,Electronics,Phones
B-28403,369.19,15.33,1,Electronics,Electronic Games
B-28689,3383.7,-319.15,9,Furniture,Tables
B-34046,3275.8,-603.19,8,Electronics,Printers
B-27584,305.21,-68.22,6,Furniture,Bookcases
B-32421,2551.74,632.38,5,Electronics,Electronic Games
B-29326,4545.55,-284.53,2,Clothing,Shirt
B-28556,4555.57,7.57,3,Electronics,Printers
B-30570,2512.05,940.81,7,Furniture,Chairs
B-32742,411.17,-97.71,6,Furniture,Bookcases
B-27461,4956.38,1028.75,2,Clothing,Saree
B-27344,4550.58,-804.19,3,Electronics,Accessories
B-32659,2026.37,267.15,6,Electronics,Phones
B-26721,1132.73,431.23,8,Clothing,Saree
B-31285,412.17,113.05,1,Clothing,Shirt
B-25653,510.81,123.5,4,Electronics,Printers
B-26099,1116.93,309.39,5,Electronics,Accessories
B-31779,3001.18,-486.96,8,Furniture,Tables
B-34130,2044.46,-19.22,8,Clothing,Leggings
B-30718,4997.46,-1359.89,10,Electronics,Electronic Games
B-34670,1589.85,402.03,8,Clothing,Saree
B-26441,3962.25,891.11,8,Furniture,Tables
B-31562,4044.87,482.17,8,Electronics,Printers
B-30041,3891.62,594.15,4,Electronics,Accessories
B-30453,1180.44,-142.6,2,Electronics,Phones
B-29539,4362.72,374.82,5,Electronics,Electronic Games
B-30827,3279.94,355.79,6,Furniture,Tables
B-33522,2881.91,521.97,7,Clothing,T-Shirt
B-28766,1966.58,-503.36,5,Clothing,Stole
B-31333,3048.8,-391.97,5,Furniture,Tables
B-26036,568.41,66.2,7,Furniture,Bookcases
B-26328,4592.82,1499.19,2,Clothing,Hankerchief
B-30032,2832.85,666.47,3,Furniture,Chairs
B-32828,4699.62,-1176.07,2,Electronics,Electronic Games
B-33904,2637.07,30.11,8,Furniture,Bookcases
B-35311,4834.19,-84.25,10,Clothing,T-Shirt
B-25973,4636.03,302.07,8,Electronics,Phones
B-26903,4092.21,-550.33,1,Clothing,Leggings
B-26042,421.88,71.74,7,Clothing,Saree
B-28758,3923.56,-349.08,2,Furniture,Tables
B-31806,1609.07,102.21,2,Electronics,Printers
B-27152,4637.85,-211.57,6,Furniture,Furnishings
B-28911,1530.6,-69.92,1,Clothing,T-Shirt
B-27617,2922.31,-322.86,5,Electronics,Printers
B-34348,4966.01,1390.49,8,Clothing,Hankerchief
B-29707,1158.57,-13.61,4,Electronics,Electronic Games
B-26486,2618.64,703.22,3,Furniture,Tables
B-32313,443.37,109.28,7,Electronics,Electronic Games
B-26877,4429.76,-1071.48,1,Electronics,Accessories
B-31443,4367.61,1176.57,10,Furniture,Chairs
B-33094,2558.41,-242.18,1,Electronics,Electronic Games
B-33153,2514.45,131.02,4,Furniture,Tables
B-30046,3970.8,819.96,10,Furniture,Furnishings
B-35600,532.55,145.27,6,Clothing,Hankerchief
B-33577,281.75,15.47,1,Electronics,Printers
B-27005,3164.42,978.63,5,Clothing,Shirt
B-28723,2228.82,-348.39,9,Furniture,Tables
B-33617,404.64,-87.41,4,Electronics,Phones
B-34125,2283.84,466.72,7,Furniture,Chairs
B-25737,4261.96,1163.6,7,Clothing,Leggings
B-25625,4500.22,-573.06,1,Furniture,Chairs
B-32143,4974.76,-649.95,6,Clothing,Saree
B-35047,911.63,-191.84,8,Clothing,Saree
B-32343,2714.16,886.71,9,Clothing,Saree
B-29379,4996.56,869.57,2,Clothing,Skirt
B-34049,2400.87,834.57,4,Furniture,Furnishings
B-26626,1686.78,-429.35,7,Clothing,Trousers
B-30980,1485.41,589.45,5,Electronics,Electronic Games
B-26102,2018.07,-250.44,1,Furniture,Bookcases
B-32296,4564.83,1787.89,4,Clothing,Skirt
B-25728,1495.57,526.48,6,Furniture,Furnishings
B-30542,3547.47,-63.54,7,Clothing,Hankerchief
B-31084,2018.14,236.98,8,Electronics,Phones
B-35054,525.23,148.88,4,Clothing,Kurti
B-29606,3333.08,-821.73,8,Electronics,Accessories
B-31984,4094.15,-749.96,5,Clothing,Stole
B-32572,3762.12,87.2,9,Furniture,Furnishings
B-35574,4032.39,-776.49,6,Furniture,Bookcases
B-32921,1248.51,289.45,8,Electronics,Electronic Games
B-27983,2483.17,646.08,3,Electronics,Accessories
B-32808,1572.3,53.1,4,Electronics,Printers
B-26796,1596.19,148.78,10,Electronics,Printers
B-31961,2199.38,-606.46,2,Electronics,Printers
B-32545,2482.75,-479.29,9,Electronics,Electronic Games
B-34975,3977.93,529.29,4,Electronics,Phones
B-34182,1392.2,168.27,2,Electronics,Phones
B-34127,3522.87,-565.39,5,Furniture,Tables
B-26783,89.94,19.32,10,Electronics,Phones
B-31450,1788.38,439.39,2,Furniture,Tables
B-30347,1208.19,-29.74,6,Furniture,Furnishings
B-27031,4204.47,1293.37,2,Furniture,Tables
B-28194,3751.21,-489.96,8,Furniture,Chairs
B-35397,640.33,226.68,5,Clothing,Saree
B-31782,409.36,30.02,8,Clothing,Trousers
B-35189,3043.4,918.66,8,Electronics,Accessories
B-30878,3267.76,-303.36,10,Furniture,Furnishings
B-32377,776.76,304.41,9,Electronics,Electronic Games
B-35243,4692.46,-1367.59,3,Furniture,Furnishings
B-34089,4019.31,1239.42,4,Electronics,Electronic Games
B-34137,4580.79,1828.83,5,Clothing,Trousers
B-25888,3201.35,677.85,4,Clothing,Saree
B-28868,4045.54,1032.88,9,Clothing,Leggings
B-31573,1857.88,496.57,7,Electronics,Phones
B-28799,2758.47,-379.0,4,Furniture,Bookcases
B-34322,3493.6,1343.24,3,Clothing,Kurti
B-33512,2913.29,-77.76,9,Clothing,Leggings
B-31743,1254.47,464.38,2,Furniture,Bookcases
B-35455,499.68,103.03,2,Furniture,Tables
B-31976,1816.33,7.02,4,Clothing,Skirt
B-29128,2064.99,44.58,3,Furniture,Furnishings
B-31726,2938.3,-140.87,10,Electronics,Printers
B-32458,4884.1,292.96,8,Electronics,Electronic Games
B-31644,4412.75,1062.11,7,Clothing,Stole
B-27119,1551.14,-42.83,3,Furniture,Furnishings
B-30453,2479.84,690.56,9,Clothing,Hankerchief
B-28704,1227.94,-244.52,9,Furniture,Chairs
B-33079,2608.87,-16.02,1,Clothing,Shirt
B-29943,4198.29,1626.97,10,Electronics,Phones
B-30137,4822.41,-717.29,2,Electronics,Electronic Games
B-29880,3216.98,-859.36,3,Furniture,Tables
B-34131,680.51,-156.29,7,Clothing,Hankerchief
B-30840,4463.84,-206.9,5,Electronics,Accessories
B-25835,2568.68,889.14,1,Furniture,Bookcases
B-32744,3361.3,180.94,6,Furniture,Bookcases
B-31527,2686.68,-675.02,4,Electronics,Accessories
B-28654,4103.82,721.88,4,Clothing,Leggings
B-31493,994.79,34.88,2,Clothing,Stole
B-31937,1999.68,168.25,3,Furniture,Tables
B-27995,2461.82,-187.52,1,Electronics,Printers
B-26218,3456.5,936.06,7,Electronics,Printers
B-35298,636.03,251.12,8,Furniture,Bookcases
B-35443,801.71,127.93,6,Clothing,T-Shirt
B-32687,2109.29,608.32,7,Electronics,Printers
B-33701,2325.58,783.15,9,Clothing,Stole
B-28568,3938.0,1559.68,1,Clothing,Stole
B-32524,4043.96,1189.81,2,Furniture,Bookcases
B-35188,3674.81,373.69,9,Furniture,Bookcases
B-29675,2030.05,396.04,3,Furniture,Chairs
B-34866,3237.89,-614.19,10,Furniture,Furnishings
B-28188,1970.77,-382.96,4,Electronics,Electronic Games
B-25804,302.34,-5.51,7,Furniture,Chairs
B-30960,1502.37,-137.5,9,Clothing,Skirt
B-32697,1808.4,120.44,1,Electronics,Phones
B-34940,1451.83,-387.1,2,Clothing,Leggings
B-27109,2868.5,-162.82,3,Furniture,Furnishings
B-33047,2317.15,287.54,10,Electronics,Phones
B-33775,2530.68,679.01,6,Clothing,Saree
B-30179,353.19,110.28,9,Electronics,Phones
B-28356,134.65,18.64,3,Clothing,Hankerchief
B-33214,3643.12,129.15,9,Electronics,Phones
B-32176,4805.14,484.54,7,Electronics,Printers
B-29681,3864.94,5.25,10,Clothing,Shirt
B-29502,360.2,-86.14,6,Furniture,Bookcases
B-26459,4156.56,963.38,5,Clothing,Kurti
B-32837,152.98,53.83,3,Clothing,Saree
B-30060,4916.05,743.65,1,Furniture,Chairs
B-29781,2393.24,322.68,2,Electronics,Electronic Games
B-27842,847.08,-183.15,9,Clothing,Kurti
B-28463,1317.12,-237.25,2,Clothing,Leggings
B-27047,2376.9,-613.56,7,Clothing,Saree
B-27036,4884.41,-634.83,2,Electronics,Printers
B-27461,552.45,203.48,6,Electronics,Printers
B-29981,3162.29,-396.26,6,Furniture,Bookcases
B-32520,4911.07,-1405.91,6,Electronics,Accessories
B-31689,3204.03,771.45,2,Clothing,Stole
B-32489,3894.6,1039.99,8,Electronics,Printers
B-32288,4384.41,-966.29,1,Furniture,Furnishings
B-26855,1559.53,291.14,10,Electronics,Printers
B-29597,1549.41,-30.53,9,Clothing,Shirt
B-33196,4163.29,-732.7,5,Electronics,Phones
B-35363,1465.99,-149.02,10,Electronics,Accessories
B-27691,4184.41,969.72,7,Clothing,T-Shirt
B-29362,188.93,42.95,6,Clothing,Shirt
B-32002,4656.38,-449.09,8,Furniture,Chairs
B-29986,1684.36,40.16,10,Electronics,Printers
B-33887,1813.89,-78.41,5,Clothing,T-Shirt
B-34349,216.94,50.09,5,Furniture,Furnishings
B-26897,3084.31,-283.27,1,Furniture,Tables
B-28159,947.9,315.76,1,Electronics,Accessories
B-29764,4051.89,1295.45,10,Electronics,Accessories
B-29207,173.8,-8.34,9,Clothing,Kurti
B-31687,3578.06,-917.79,1,Electronics,Printers
B-35410,854.27,37.36,8,Electronics,Accessories
B-30815,3927.89,445.25,9,Clothing,Shirt
B-26368,4407.6,-10.95,1,Furniture,Tables
B-33385,4084.57,1437.07,7,Electronics,Phones
B-28882,2027.03,379.43,7,Electronics,Printers
B-26186,2779.81,460.33,6,Clothing,Shirt
B-28181,236.3,3.58,7,Clothing,Hankerchief
B-34000,4871.08,1265.23,7,Electronics,Phones
B-27664,264.35,-72.36,5,Electronics,Accessories
B-34748,4976.92,497.37,5,Electronics,Phones
B-34670,4252.42,-1199.92,7,Furniture,Bookcases
B-33092,1417.18,-8.7,8,Clothing,Leggings
B-35061,720.89,-63.27,7,Furniture,Tables
B-33304,4914.39,-514.73,4,Clothing,T-Shirt
B-33644,4169.13,1352.78,6,Furniture,Bookcases
B-25795,4727.13,-951.87,1,Clothing,Shirt
B-26615,3508.64,762.44,3,Furniture,Bookcases
B-29958,1883.38,95.53,2,Clothing,Skirt
B-35504,1455.2,339.29,4,Furniture,Tables
B-33786,4432.59,1509.79,10,Electronics,Printers
B-26057,4608.69,-741.3,4,Clothing,Stole
B-27754,3110.25,-131.23,10,Electronics,Accessories
B-32424,501.46,173.84,1,Electronics,Electronic Games
B-33888,2655.6,830.58,2,Furniture,Chairs
B-33030,2603.25,-43.08,9,Furniture,Tables
B-25728,3025.11,-762.08,7,Clothing,Hankerchief
B-26139,3280.6,-298.41,1,Electronics,Printers
B-26865,3320.48,-5.42,5,Clothing,Kurti
B-30636,1027.46,10.76,2,Furniture,Chairs
B-25687,4866.7,1870.77,10,Electronics,Electronic Games
B-31721,3441.1,-932.53,4,Furniture,Bookcases
B-29433,1758.94,-215.61,4,Clothing,Leggings
B-34898,2894.47,-154.09,7,Electronics,Printers
B-26259,3542.08,-436.41,4,Clothing,Leggings
B-31450,915.21,-179.62,6,Clothing,Kurti
B-33329,748.75,203.38,7,Furniture,Furnishings
B-28231,3593.02,-278.48,9,Electronics,Printers
B-27407,4292.63,1295.03,1,Furniture,Bookcases
B-31185,3327.43,-253.84,8,Electronics,Phones
B-33602,3571.41,-784.85,9,Clothing,Leggings
B-34477,3093.4,753.78,6,Furniture,Tables
B-29651,3115.17,201.08,4,Furniture,Chairs
B-27452,832.01,166.21,5,Electronics,Printers
B-30652,111.02,-7.09,8,Electronics,Printers
B-27091,1093.78,-252.48,6,Furniture,Furnishings
B-34839,2647.67,93.39,7,Electronics,Electronic Games
B-32503,698.2,150.66,5,Furniture,Furnishings
B-33956,721.3,107.75,7,Clothing,Saree
B-34662,1408.19,-412.18,7,Electronics,Accessories
B-31925,4349.61,1595.01,1,Furniture,Chairs
B-27749,4150.77,305.52,1,Electronics,Electronic Games
B-35261,4215.3,-332.87,10,Electronics,Accessories
B-31897,3363.16,-72.08,10,Clothing,Trousers
B-26129,2094.83,223.29,10,Clothing,Trousers
B-34335,3531.95,1081.41,9,Clothing,Skirt
B-28363,3495.2,-404.46,5,Clothing,Leggings
B-32872,4384.82,-570.53,5,Clothing,Trousers
B-30548,41.36,12.25,6,Electronics,Electronic Games
B-29485,1770.67,-229.89,3,Furniture,Furnishings
B-27622,1599.92,-359.09,1,Furniture,Chairs
B-33495,1587.01,-141.42,10,Electronics,Phones
B-27129,4988.18,1681.71,1,Clothing,Skirt
B-35332,500.98,-57.9,7,Clothing,Stole
B-30015,3727.85,-385.58,10,Furniture,Bookcases
B-34117,691.03,-103.14,7,Furniture,Bookcases
B-29759,4307.96,-427.14,2,Clothing,Kurti
B-35138,4459.72,-842.61,10,Electronics,Printers
B-30675,2109.09,-595.81,7,Furniture,Bookcases
B-29799,1454.49,-304.41,2,Furniture,Tables
B-32787,1402.99,337.57,7,Furniture,Bookcases
B-35343,1001.74,136.64,7,Clothing,Kurti
B-34980,3182.0,345.27,10,Clothing,Kurti
B-35392,2775.57,625.48,10,Clothing,Kurti
B-28959,4322.2,-536.71,8,Clothing,Leggings
B-26924,702.5,45.87,3,Electronics,Electronic Games
B-27822,4345.35,1353.94,7,Furniture,Bookcases
B-28703,4607.49,720.9,6,Clothing,Kurti
B-29103,1579.78,395.69,1,Furniture,Furnishings
B-33987,3471.17,-256.96,8,Furniture,Tables
B-26174,2133.87,121.58,9,Clothing,Skirt
B-26106,1335.41,-119.19,8,Furniture,Furnishings
B-34725,992.71,-137.34,10,Furniture,Chairs
B-29511,522.17,-56.77,9,Electronics,Printers
B-30115,1575.64,520.83,3,Electronics,Printers
B-33388,3995.57,-21.01,5,Furniture,Bookcases
B-34555,4272.95,131.49,3,Electronics,Electronic Games
B-27198,2337.03,-466.01,3,Furniture,Furnishings
B-35148,4914.49,-67.53,6,Clothing,Hankerchief
B-28329,316.21,99.26,3,Electronics,Phones
B-34895,3275.86,854.64,10,Electronics,Electronic Games
B-26971,2482.65,-146.83,2,Electronics,Electronic Games
B-27543,3385.91,-477.44,7,Electronics,Electronic Games
B-28700,973.15,176.59,10,Clothing,Saree
B-25717,2296.5,244.42,3,Electronics,Printers
B-29261,4311.17,1718.01,9,Clothing,Kurti
B-27316,682.15,221.81,1,Clothing,Leggings
B-26300,156.62,-42.14,8,Electronics,Accessories
B-26844,1014.02,27.45,6,Electronics,Phones
B-29380,3233.22,-425.35,7,Clothing,Shirt
B-31413,1594.51,-275.69,5,Furniture,Chairs
B-35209,2885.65,365.63,10,Clothing,Saree
B-32450,2950.5,1149.36,6,Furniture,Furnishings
B-26752,4914.0,578.18,3,Clothing,T-Shirt
B-32853,1912.08,218.53,4,Clothing,Hankerchief
B-35434,2497.3,608.02,6,Clothing,Trousers
B-35585,2386.3,-506.16,1,Electronics,Printers
B-28648,226.12,24.64,10,Electronics,Phones
B-33437,3885.82,569.87,7,Furniture,Bookcases
B-27536,4144.65,-1110.16,7,Electronics,Phones
B-31968,1681.32,-86.49,4,Clothing,Saree
B-34640,1869.95,-370.59,10,Clothing,Stole
B-30252,873.21,-58.58,10,Electronics,Electronic Games
B-27262,413.24,163.02,9,Clothing,Trousers
B-28056,3065.02,1010.78,10,Furniture,Chairs
B-26128,1201.34,63.75,5,Clothing,Stole
B-29857,57.39,-15.44,5,Furniture,Tables
B-26695,4798.93,460.67,6,Furniture,Chairs
B-31114,3180.36,-526.91,7,Electronics,Accessories
B-31374,1422.36,-66.2,6,Furniture,Tables
B-33330,4638.13,-82.39,8,Clothing,Kurti
B-29871,4985.19,1203.82,8,Electronics,Electronic Games
B-30778,2782.36,-318.3,3,Clothing,Leggings
B-35589,2588.07,-140.16,9,Furniture,Chairs
B-31310,393.72,-60.45,10,Furniture,Tables
B-30371,2576.01,-289.57,1,Clothing,T-Shirt
B-29026,3167.69,-356.81,10,Electronics,Phones
B-33493,1176.9,13.44,9,Electronics,Electronic Games
B-29313,4407.3,755.72,8,Electronics,Phones
B-32907,1977.54,765.0,4,Electronics,Electronic Games
B-35063,270.64,105.35,9,Clothing,Skirt
B-35422,3531.3,603.42,4,Electronics,Phones
B-31460,1099.65,408.54,3,Electronics,Printers
B-31659,4594.23,78.19,1,Furniture,Bookcases
B-32242,2143.54,-232.13,2,Furniture,Tables
B-34552,2068.0,-79.33,2,Electronics,Phones
B-31601,1091.12,-159.74,9,Electronics,Accessories
B-28172,1794.42,4.59,10,Clothing,Trousers
B-34411,3517.28,-578.87,10,Electronics,Phones
B-34201,326.77,63.18,8,Furniture,Tables
B-27562,4349.65,-599.38,4,Clothing,Skirt
B-31098,4536.11,403.3,6,Electronics,Electronic Games
B-30028,4129.62,1099.79,10,Electronics,Electronic Games
B-35331,1179.77,-132.92,10,Clothing,Leggings
B-27246,2754.93,-735.73,9,Clothing,Kurti
B-28349,3267.52,-276.14,10,Electronics,Electronic Games
B-32722,3761.87,-235.85,3,Electronics,Accessories
B-26425,1733.4,-282.18,9,Clothing,Saree
B-32442,4792.71,1032.38,5,Clothing,Skirt
B-26719,2565.7,740.92,1,Furniture,Tables
B-35035,2671.19,-78.97,4,Clothing,Kurti
B-31817,1445.83,-197.89,9,Furniture,Bookcases
B-29210,3903.45,-55.75,4,Electronics,Printers
B-30182,4079.87,1306.41,2,Furniture,Chairs
B-28618,2941.51,221.65,10,Clothing,Stole
B-28373,2231.26,-486.01,8,Furniture,Bookcases
B-34686,1160.13,213.34,8,Clothing,Saree
B-27708,4974.77,-784.05,7,Clothing,Stole
B-26674,843.43,82.67,3,Clothing,Skirt
B-35121,2738.6,705.41,7,Furniture,Chairs
B-34593,2662.56,522.4,10,Clothing,T-Shirt
B-27628,4498.33,29.15,8,Clothing,Skirt
B-30620,2405.46,574.7,8,Electronics,Printers
B-35531,2173.65,-651.82,7,Clothing,Skirt
B-34229,3914.08,-216.55,4,Clothing,Leggings
B-32950,4574.59,1148.65,5,Clothing,Skirt
B-29883,3087.17,-367.39,9,Furniture,Bookcases
B-31549,4601.96,359.93,10,Clothing,Saree
B-32049,3667.59,-633.46,8,Furniture,Furnishings
B-26647,4530.93,434.03,10,Clothing,T-Shirt
B-25642,560.69,52.28,5,Furniture,Chairs
B-26260,4848.15,1347.61,4,Furniture,Bookcases
B-31074,4787.04,-331.48,2,Clothing,Saree
B-34083,55.01,21.83,1,Electronics,Electronic Games
B-31471,4466.31,9.87,6,Clothing,Kurti
B-30499,2254.01,329.47,4,Clothing,Trousers
B-27865,4650.04,-159.88,10,Electronics,Printers
B-30197,2926.39,-45.3,9,Furniture,Tables
B-34521,308.6,-23.94,7,Clothing,Trousers
B-30936,3695.17,-889.69,4,Clothing,T-Shirt
B-29165,4889.44,-749.44,7,Furniture,Furnishings
B-31073,191.93,-41.5,8,Furniture,Chairs
B-27486,2771.93,538.49,6,Furniture,Tables
B-34249,2561.66,385.8,4,Clothing,Saree
B-32659,4453.86,1006.21,3,Furniture,Furnishings
B-30356,3055.03,-131.74,2,Furniture,Bookcases
B-34098,1962.31,559.54,1,Electronics,Printers
B-32159,2304.68,706.51,7,Clothing,T-Shirt
B-33915,4817.71,-842.26,4,Furniture,Chairs
B-30217,1863.36,417.82,2,Electronics,Phones
B-29555,1031.47,-243.52,5,Electronics,Electronic Games
B-27783,1601.41,-184.66,9,Clothing,Stole
B-29886,167.97,9.66,2,Electronics,Phones
B-33846,2871.62,-565.23,8,Electronics,Printers
B-31249,3409.8,-506.51,1,Electronics,Accessories
B-27300,1093.97,-18.16,2,Electronics,Electronic Games
B-35425,770.84,204.61,5,Electronics,Phones
B-29042,3199.53,1222.76,8,Clothing,T-Shirt
B-31647,2140.86,11.48,5,Electronics,Printers
B-28081,374.73,37.62,9,Electronics,Printers
B-26390,1099.98,-255.39,5,Furniture,Tables
B-31404,615.15,214.67,1,Clothing,Skirt
B-31427,2612.8,247.82,5,Furniture,Bookcases
B-32278,987.17,233.76,7,Electronics,Accessories
B-33448,4469.2,-418.32,9,Furniture,Furnishings
B-29878,83.13,-7.07,10,Furniture,Chairs
B-32202,3211.44,-805.72,8,Electronics,Electronic Games
B-31605,2120.9,-568.37,2,Electronics,Phones
B-28639,4826.32,1142.83,3,Electronics,Accessories
B-30378,3186.01,510.82,3,Electronics,Electronic Games
B-29545,1642.64,169.82,8,Electronics,Accessories
B-30702,2534.01,841.25,3,Electronics,Phones
B-31354,4898.91,996.38,2,Electronics,Phones
B-33506,1465.61,208.11,5,Electronics,Phones
B-27517,4015.43,481.3,7,Furniture,Tables
B-33970,1679.12,657.13,2,Furniture,Bookcases
B-31368,2671.27,-663.57,5,Furniture,Bookcases
B-26943,2335.69,-354.34,6,Electronics,Printers
B-30951,2023.67,136.44,8,Electronics,Phones
B-34606,1307.44,298.17,1,Electronics,Printers
B-31550,745.48,17.29,7,Electronics,Accessories
B-27636,4533.51,-1040.66,7,Electronics,Printers
B-32382,1990.44,162.93,4,Electronics,Phones
B-27379,3896.91,-123.53,5,Electronics,Printers
B-29298,1106.71,-186.68,9,Clothing,Skirt
B-27842,271.44,-5.63,6,Clothing,Shirt
B-31253,1724.64,-233.12,10,Furniture,Furnishings
B-27605,630.66,-52.98,10,Electronics,Phones
B-33938,187.36,-34.76,1,Clothing,Saree
B-30868,4035.05,449.81,1,Furniture,Furnishings
B-27019,931.43,-214.6,10,Clothing,Leggings
B-33444,4882.04,-1269.32,8,Electronics,Phones
B-28688,1136.42,318.71,5,Clothing,T-Shirt
B-31273,1379.89,-60.68,1,Electronics,Electronic Games
B-34755,4147.67,-563.79,6,Furniture,Chairs
B-30779,1551.95,141.59,5,Clothing,Shirt
B-25912,3827.15,1377.12,10,Electronics,Printers
B-30375,1851.47,654.72,2,Furniture,Chairs
B-30374,2972.59,114.11,5,Clothing,Hankerchief
B-33954,4342.0,-824.45,4,Electronics,Printers
B-26623,2768.89,480.25,9,Clothing,Kurti
B-32266,3726.74,-594.54,8,Clothing,Saree
B-26243,4958.89,-564.79,5,Furniture,Bookcases
B-26054,39.47,-3.29,9,Clothing,Kurti
B-27522,486.56,12.69,2,Electronics,Phones
B-28353,4622.49,1493.13,4,Furniture,Bookcases
B-28748,1398.73,-166.92,1,Clothing,Kurti
B-32087,2279.17,481.3,8,Electronics,Accessories
B-28847,990.39,-172.97,6,Clothing,Trousers
B-32160,4239.13,504.29,9,Clothing,Hankerchief
B-31780,4196.07,-401.44,4,Furniture,Bookcases
B-33651,4379.51,1451.29,2,Clothing,Trousers
B-29816,119.99,-22.05,1,Electronics,Printers
B-33257,1949.57,257.03,7,Electronics,Phones
B-26613,4458.32,989.53,5,Furniture,Bookcases
B-27641,4706.25,-1410.95,9,Electronics,Printers
B-34365,2541.46,3.87,8,Furniture,Chairs
B-34020,832.72,-60.36,8,Electronics,Accessories
B-31363,2476.39,903.09,8,Electronics,Printers
B-35555,2993.31,-191.01,5,Electronics,Electronic Games
B-31280,4670.99,323.8,9,Electronics,Printers
B-26061,4257.39,-1041.27,4,Furniture,Tables
B-32695,253.17,11.22,5,Clothing,Trousers
B-32708,2482.47,307.81,10,Electronics,Electronic Games
B-34270,1942.43,570.33,5,Clothing,Trousers
B-32753,2609.53,-635.91,2,Clothing,T-Shirt
B-25724,4409.4,623.0,3,Furniture,Bookcases
B-29533,3589.51,1082.01,10,Furniture,Tables
B-31254,1451.14,340.16,3,Clothing,Saree
B-34154,3553.83,270.07,8,Electronics,Printers
B-25807,2374.22,234.43,10,Furniture,Tables
B-35244,1071.73,421.53,6,Electronics,Electronic Games
B-34498,1534.58,96.97,6,Clothing,Shirt
B-29164,2127.55,-41.17,4,Furniture,Bookcases
B-34491,2204.54,269.85,6,Electronics,Phones
B-33651,2345.74,72.23,6,Electronics,Accessories
B-26157,3043.23,-877.88,7,Furniture,Tables
B-30102,4451.78,856.03,6,Electronics,Printers
B-31045,1796.33,-385.29,9,Clothing,Trousers
B-34687,4766.72,403.77,7,Electronics,Electronic Games
B-35036,4700.59,-1231.47,2,Furniture,Chairs
B-26075,1229.53,109.12,6,Clothing,Skirt
B-32888,3439.71,1294.72,2,Clothing,Skirt
B-30316,1444.47,-429.11,6,Electronics,Accessories
B-31033,3303.13,-345.46,4,Electronics,Electronic Games
B-32977,2630.79,-252.16,10,Clothing,Hankerchief
B-29690,3230.5,-593.2,8,Furniture,Bookcases
B-33346,3118.38,-801.34,6,Clothing,Trousers
B-33033,358.57,12.51,2,Furniture,Bookcases
B-27438,4324.31,-1188.71,10,Electronics,Accessories
B-25755,3095.83,-425.9,9,Electronics,Printers
B-33325,71.22,7.97,5,Furniture,Tables
B-27062,2100.54,-554.31,9,Furniture,Furnishings
B-26617,327.45,71.25,2,Electronics,Printers
B-33833,4512.19,-1102.35,6,Electronics,Accessories
B-30570,2204.26,362.17,7,Furniture,Chairs
B-26459,3358.49,540.25,7,Clothing,Trousers
B-33507,116.79,-33.39,2,Clothing,Shirt
B-34741,4465.0,201.15,7,Clothing,T-Shirt
B-33141,874.45,7.71,8,Furniture,Furnishings
B-33269,3045.65,-109.14,1,Electronics,Electronic Games
B-33173,4724.89,1109.42,1,Electronics,Electronic Games
B-31730,2562.17,-647.4,10,Clothing,Hankerchief
B-27229,4660.55,-1353.73,2,Clothing,T-Shirt
B-35466,1995.62,362.88,1,Clothing,Saree
B-28644,4625.81,1123.18,4,Electronics,Accessories
B-25626,3741.58,136.86,1,Furniture,Bookcases
B-26174,4012.64,-39.41,1,Electronics,Accessories
B-25962,4839.92,267.59,1,Furniture,Bookcases
B-31234,1270.43,-370.39,10,Clothing,Hankerchief
B-28667,705.34,-49.58,10,Furniture,Chairs
B-25643,548.46,-53.29,8,Clothing,Leggings
B-30298,3821.35,-35.5,7,Electronics,Phones
B-26374,3417.28,-793.06,10,Electronics,Phones
B-31178,4543.25,-1297.3,8,Clothing,Leggings
B-27090,4141.94,-598.21,4,Clothing,T-Shirt
B-33678,2378.19,620.88,8,Clothing,Stole
B-26678,126.26,22.45,1,Clothing,T-Shirt
B-30696,2128.34,8.73,5,Furniture,Bookcases
B-31540,1568.9,355.79,3,Furniture,Furnishings
B-27108,2369.93,-518.27,6,Furniture,Tables
B-32288,4927.8,-402.81,5,Furniture,Furnishings
B-35449,3506.09,-300.36,3,Clothing,Skirt
B-27085,3327.48,-842.34,10,Electronics,Electronic Games
B-29183,757.75,-17.53,9,Furniture,Chairs
B-32996,3496.54,400.25,7,Furniture,Furnishings
B-27462,2344.93,217.39,2,Furniture,Tables
B-32399,2612.88,475.74,2,Furniture,Furnishings
B-27812,3218.43,61.99,9,Electronics,Printers
B-33016,717.22,266.1,2,Electronics,Electronic Games
B-27589,228.53,66.79,4,Furniture,Bookcases
B-35418,3907.5,-923.89,9,Electronics,Phones
B-26515,2733.15,-695.6,3,Furniture,Tables
B-29704,807.08,87.3,1,Clothing,Leggings
B-28178,4311.56,-1254.99,7,Clothing,Shirt
B-29077,298.07,108.66,10,Electronics,Electronic Games
B-30711,2441.54,-658.19,8,Electronics,Printers
B-31987,2876.79,592.96,5,Furniture,Bookcases
B-32694,2221.67,568.52,3,Clothing,Skirt
B-34490,2359.35,732.92,10,Electronics,Accessories
B-29393,4182.53,-737.67,1,Electronics,Accessories
B-34623,1169.75,71.26,4,Electronics,Printers
B-34206,3819.49,53.61,4,Clothing,T-Shirt
B-28529,3336.35,-953.25,1,Furniture,Furnishings
B-27812,3737.48,-551.28,4,Furniture,Chairs
B-29484,3303.39,-765.69,2,Clothing,Leggings
B-28437,4727.51,-732.89,2,Clothing,Hankerchief
B-35046,1434.66,-34.72,4,Furniture,Tables
B-33003,3119.32,-617.43,9,Electronics,Electronic Games
B-35257,729.58,152.87,6,Clothing,Shirt
B-28938,1132.22,-281.34,4,Clothing,T-Shirt
B-30554,1081.81,80.07,2,Clothing,Skirt
B-35161,264.96,-10.35,3,Clothing,Shirt
B-31128,2846.87,426.73,4,Furniture,Furnishings
B-33293,451.11,138.7,10,Electronics,Printers
B-30406,4190.13,1350.0,2,Electronics,Accessories
B-30046,2826.84,712.98,4,Electronics,Accessories
B-26150,779.31,-128.28,3,Furniture,Tables
B-29700,589.05,100.71,9,Electronics,Electronic Games
B-31957,1722.15,95.68,1,Clothing,Kurti
B-26381,4809.04,-1054.17,4,Electronics,Accessories
B-32267,2943.3,238.05,7,Clothing,Stole
B-27841,1892.23,-418.9,6,Electronics,Accessories
B-26255,1989.2,-202.02,6,Electronics,Electronic Games
B-26128,2425.45,890.46,8,Electronics,Accessories
B-31945,2383.67,603.27,6,Furniture,Bookcases
B-30016,4013.56,-863.11,10,Electronics,Printers
B-31445,2014.39,-87.31,4,Clothing,T-Shirt
B-27875,1954.57,-526.9,10,Clothing,Hankerchief
B-34181,1363.27,-370.37,8,Electronics,Phones
B-32760,335.14,-56.52,4,Furniture,Chairs
B-30776,543.79,179.5,7,Furniture,Tables
B-25729,3854.43,-408.07,1,Furniture,Furnishings
B-33644,47.69,-6.2,1,Furniture,Chairs
B-28919,1689.03,132.7,9,Furniture,Tables
B-33429,2194.24,872.77,3,Clothing,Stole
B-26378,445.88,-2.33,4,Furniture,Bookcases
B-25699,262.33,-40.33,5,Clothing,Skirt
B-32340,1577.6,-124.83,10,Clothing,Trousers
B-32160,3894.34,231.19,2,Electronics,Accessories
B-33980,105.68,27.31,2,Furniture,Bookcases
B-32742,4977.73,-890.78,5,Furniture,Furnishings
B-29044,1027.96,398.45,5,Clothing,Trousers
B-31963,455.97,-78.25,10,Clothing,Stole
B-35336,4538.59,1148.03,4,Furniture,Tables
B-34718,2079.22,-526.88,2,Furniture,Chairs
B-29614,2197.48,864.14,4,Clothing,Leggings
B-29041,4885.46,-1232.32,7,Furniture,Chairs
B-25990,3523.2,-375.75,10,Furniture,Bookcases
B-30444,1269.5,355.21,9,Furniture,Bookcases
B-29425,4239.92,-1256.71,10,Electronics,Printers
B-30537,1697.96,394.23,4,Clothing,Shirt
B-26130,2647.88,836.02,8,Clothing,T-Shirt
B-27023,4676.33,1137.01,5,Electronics,Accessories
B-27468,412.58,7.96,5,Furniture,Bookcases
B-35446,803.88,-164.77,2,Furniture,Chairs
B-33544,4924.83,-1279.02,3,Electronics,Accessories
B-28301,4049.66,58.97,5,Furniture,Tables
B-27292,3331.66,-939.34,1,Electronics,Phones
B-27458,3817.76,834.96,7,Clothing,Saree
B-34935,3994.46,-1040.62,1,Furniture,Tables
B-29259,3246.41,772.91,8,Furniture,Furnishings
B-29269,1834.54,441.76,4,Furniture,Bookcases
B-30497,791.45,120.42,5,Clothing,Saree
B-31182,1830.63,19.65,3,Electronics,Phones
B-26959,4855.89,408.68,10,Electronics,Phones
B-26823,4821.76,-1353.86,9,Electronics,Phones
B-28194,4488.34,-660.84,5,Electronics,Electronic Games
B-28746,2691.76,976.3,8,Clothing,Shirt
B-32565,4775.7,1063.15,8,Furniture,Tables
B-32735,1250.86,19.56,9,Clothing,Stole
B-32133,4762.69,-1111.48,4,Furniture,Tables
B-31448,2214.66,774.8,7,Furniture,Bookcases
B-27962,1792.12,-32.64,7,Clothing,Skirt
B-29990,2185.38,112.16,1,Clothing,Hankerchief
B-32833,3124.26,-581.24,1,Furniture,Chairs
B-32395,4327.63,861.79,3,Electronics,Phones
B-28313,3992.53,479.2,8,Electronics,Printers
B-25982,775.83,-137.64,3,Clothing,Shirt
B-26655,2673.37,-470.52,3,Clothing,Hankerchief
B-32684,3318.74,-640.79,6,Clothing,Stole
B-33555,1870.96,-197.89,1,Furniture,Chairs
B-28731,388.06,80.04,1,Clothing,Trousers
B-33842,1040.87,-199.58,1,Clothing,Trousers
B-33581,1698.52,662.34,4,Clothing,Saree
B-35116,413.12,150.52,7,Furniture,Chairs
B-32778,3085.95,-311.27,9,Electronics,Phones
B-31467,2030.03,-266.7,1,Electronics,Accessories
B-28540,1466.34,-50.01,10,Electronics,Phones
B-28784,4815.24,-356.0,4,Clothing,Stole
B-31110,881.52,37.75,8,Electronics,Accessories
B-31728,2599.67,162.99,6,Furniture,Tables
B-28697,467.85,0.92,9,Clothing,Saree
B-32445,3212.92,389.26,4,Furniture,Bookcases
B-26412,3742.08,-585.32,9,Furniture,Tables
B-26360,4927.13,1597.16,4,Furniture,Tables
B-26897,419.86,-50.42,10,Clothing,Skirt
B-29422,1370.21,150.83,9,Clothing,Skirt
B-35119,4014.38,-1089.43,5,Electronics,Accessories
B-33777,188.43,-38.4,7,Clothing,Kurti
B-30008,2774.36,712.99,7,Furniture,Chairs
B-25710,487.71,-21.88,9,Electronics,Accessories
B-32276,4426.45,-117.61,3,Furniture,Furnishings
B-35514,981.17,297.86,2,Furniture,Tables
B-26598,989.23,-102.15,2,Electronics,Phones
B-33944,3911.53,1541.51,5,Electronics,Phones
B-33979,4241.82,93.16,10,Electronics,Accessories
B-28838,3553.51,63.51,6,Electronics,Electronic Games
B-33561,4035.43,-213.8,9,Electronics,Accessories
B-32730,2457.44,-182.88,9,Electronics,Electronic Games
B-33676,672.24,-126.35,3,Electronics,Accessories
B-31242,3496.36,1224.75,7,Clothing,Leggings
B-31738,2060.59,458.09,5,Clothing,Skirt
B-28488,2638.73,-723.25,5,Electronics,Phones
B-30240,1923.88,213.85,1,Furniture,Furnishings
B-30960,4602.41,-824.89,1,Furniture,Bookcases
B-34401,4479.99,1141.92,2,Furniture,Chairs
B-28278,4921.88,1222.49,8,Clothing,Kurti
B-30631,3113.7,310.72,4,Clothing,Saree
B-34831,1516.04,67.11,5,Furniture,Bookcases
B-28397,2642.64,-227.56,2,Furniture,Bookcases
B-32758,4545.22,14.18,7,Electronics,Accessories
B-31631,389.05,130.88,8,Furniture,Chairs
B-30123,2441.83,832.48,7,Furniture,Chairs
B-35293,1968.02,492.25,8,Clothing,Leggings
B-33793,4660.96,1368.31,3,Clothing,T-Shirt
B-27910,931.0,115.14,7,Furniture,Chairs
B-30075,1240.5,266.84,6,Clothing,Hankerchief
B-32494,3293.96,369.17,10,Furniture,Bookcases
B-28247,964.28,-79.89,1,Electronics,Electronic Games
B-30294,3043.49,1035.27,1,Furniture,Chairs
B-29785,567.07,11.55,4,Clothing,Stole
B-28162,2126.61,823.26,6,Furniture,Tables
B-27994,4524.38,623.15,5,Electronics,Accessories
B-34332,965.54,148.91,3,Furniture,Tables
B-30814,2278.29,-291.37,4,Clothing,Shirt
B-32746,4070.89,-1151.69,1,Clothing,T-Shirt
B-29113,4925.97,1956.18,4,Furniture,Tables
B-28074,4121.97,1371.8,5,Clothing,Shirt
B-30333,539.54,0.34,6,Electronics,Electronic Games
B-26360,861.78,172.19,1,Clothing,Skirt
B-35401,2402.6,-59.32,3,Electronics,Electronic Games
B-29583,4908.53,-1382.57,10,Electronics,Printers
B-31139,3740.41,634.99,1,Clothing,T-Shirt
B-31989,1871.92,138.26,7,Clothing,T-Shirt
B-28547,1526.83,415.17,4,Electronics,Accessories
B-26454,4353.3,73.2,10,Clothing,Leggings
B-33190,584.53,207.72,1,Electronics,Electronic Games
B-28443,460.31,127.05,2,Electronics,Printers
B-35167,968.12,293.4,3,Electronics,Phones
B-33158,1908.86,-437.19,7,Electronics,Printers
B-26817,290.96,-13.16,8,Electronics,Printers
B-26919,1587.8,486.04,1,Clothing,T-Shirt
B-31019,4633.36,-480.77,4,Furniture,Chairs
B-31448,1524.23,-314.19,10,Electronics,Phones
B-29476,2235.12,21.34,1,Electronics,Accessories
B-27875,2450.09,-350.68,3,Clothing,Trousers
B-32921,4146.97,947.4,4,Furniture,Chairs
B-32192,3950.66,-72.82,3,Electronics,Electronic Games
B-31116,786.71,-177.3,5,Clothing,Skirt
B-29341,4153.33,-86.38,6,Electronics,Phones
B-34729,3350.02,1246.33,2,Furniture,Furnishings
B-33912,4291.15,127.37,7,Furniture,Furnishings
B-32308,4576.59,1346.35,7,Furniture,Furnishings
B-26655,603.1,219.13,9,Clothing,Saree
B-28043,4886.74,1230.21,7,Electronics,Accessories
B-27091,3500.15,-440.18,4,Furniture,Bookcases
B-33176,2854.21,15.21,3,Furniture,Bookcases
B-27874,674.65,79.35,4,Clothing,Saree
B-28252,451.15,-119.59,10,Electronics,Accessories
B-33061,1577.89,30.01,6,Clothing,Skirt
B-29812,2760.49,-744.51,10,Electronics,Accessories
B-35380,2229.56,203.42,5,Furniture,Tables
B-34521,4218.94,-238.63,5,Electronics,Printers
B-27712,4011.27,-1077.19,5,Clothing,Stole
B-35151,4995.6,1114.73,3,Clothing,T-Shirt
B-35413,4735.13,-795.2,6,Furniture,Bookcases
B-31658,3504.79,-723.18,10,Furniture,Tables
B-28760,2817.52,-231.49,9,Electronics,Accessories
B-35530,2177.14,-480.46,4,Clothing,Shirt
B-29687,2696.08,236.56,4,Furniture,Bookcases
B-28018,2780.75,-780.16,3,Electronics,Phones
B-30516,2476.17,-685.86,1,Electronics,Accessories
B-29479,1115.86,-0.7,2,Clothing,Leggings
B-31099,4176.62,897.05,3,Clothing,T-Shirt
B-29600,2427.26,364.2,5,Electronics,Phones
B-32757,1009.98,-190.4,3,Clothing,Hankerchief
B-34205,3149.47,-673.46,1,Furniture,Tables
B-32489,25.44,1.48,5,Clothing,Shirt
B-27098,2981.34,974.24,5,Electronics,Phones
B-26373,3659.55,1104.33,8,Furniture,Chairs
B-34251,2582.67,-435.08,1,Clothing,Kurti
B-34687,4638.46,1081.39,3,Furniture,Bookcases
B-32795,2609.34,747.23,1,Electronics,Printers
B-32934,4630.6,-904.66,5,Furniture,Bookcases
B-34918,2141.83,-384.28,10,Furniture,Chairs
B-32134,3128.93,1205.16,10,Electronics,Phones
B-32102,3322.23,-240.91,3,Electronics,Printers
B-31197,4815.28,35.87,2,Furniture,Chairs
B-27013,303.5,61.78,9,Electronics,Accessories
B-31572,862.01,304.48,8,Furniture,Tables
B-35434,1862.79,704.71,4,Electronics,Accessories
B-28418,913.06,35.6,4,Electronics,Accessories
B-27545,3129.13,228.78,5,Clothing,Shirt
B-31868,2694.08,599.64,5,Clothing,Trousers
B-26803,1304.57,170.77,3,Clothing,Leggings
B-31945,987.55,334.69,1,Furniture,Tables
B-30505,1876.84,319.36,3,Furniture,Tables
B-33531,2263.71,-296.41,8,Furniture,Tables
B-30451,584.48,-141.12,9,Electronics,Accessories
B-34203,4015.99,986.97,7,Electronics,Printers
B-27145,4649.45,949.5,9,Electronics,Phones
B-25728,3295.71,77.4,1,Electronics,Electronic Games
B-33899,4870.12,-188.49,6,Electronics,Electronic Games
B-29668,338.87,74.07,6,Clothing,Shirt
B-34862,4873.34,-983.82,2,Clothing,Leggings
B-32097,1151.36,189.62,9,Furniture,Bookcases
B-29198,2695.66,589.19,8,Furniture,Chairs
B-35076,3105.92,937.53,3,Clothing,Hankerchief
B-30859,86.76,-10.27,4,Furniture,Bookcases
B-31533,2355.54,-497.62,3,Electronics,Electronic Games
B-31684,3152.26,487.24,5,Clothing,Hankerchief
B-28962,1815.96,621.22,8,Furniture,Bookcases
B-29232,641.21,165.93,4,Furniture,Chairs
B-28930,185.33,-27.23,6,Clothing,Leggings
B-33237,3700.65,1206.42,4,Clothing,Hankerchief
B-34937,529.18,77.04,7,Furniture,Bookcases
B-31857,2268.4,331.73,8,Clothing,Trousers
B-27022,1398.48,331.71,8,Furniture,Tables
B-33457,2608.32,-452.67,10,Electronics,Phones
B-30145,1733.62,-23.72,3,Furniture,Tables
B-31984,1666.53,-231.3,7,Clothing,Kurti
B-34171,1636.95,-243.88,9,Clothing,Stole
B-26157,1926.89,-159.6,1,Electronics,Printers
B-33948,2736.56,91.96,6,Electronics,Printers
B-35211,504.25,117.58,4,Clothing,Hankerchief
B-28027,2803.5,-574.32,1,Furniture,Bookcases
B-28287,4891.86,1612.92,10,Electronics,Phones
B-29071,993.62,-218.25,6,Furniture,Furnishings
B-33089,3055.36,739.03,2,Clothing,Stole
B-28444,3945.19,964.7,8,Clothing,Saree
B-26582,4640.93,1823.65,9,Furniture,Furnishings
B-26541,1243.45,-37.4,9,Clothing,Skirt
B-33711,561.08,104.07,10,Furniture,Chairs
B-29526,2876.02,778.06,6,Clothing,Leggings
B-25773,4802.3,1663.72,7,Electronics,Phones
B-31996,3088.62,1000.96,1,Furniture,Furnishings
B-33342,1016.32,278.36,6,Furniture,Furnishings
B-28996,3963.91,237.43,7,Furniture,Tables
B-25972,521.24,-93.61,4,Clothing,Skirt
B-26255,875.83,319.28,1,Clothing,T-Shirt
B-32058,1484.95,494.86,1,Furniture,Furnishings
B-34484,2712.84,765.14,10,Clothing,Shirt
B-28474,3972.35,-201.58,4,Clothing,Leggings
B-32668,3321.94,-187.46,3,Furniture,Chairs
B-32894,2533.52,351.51,1,Electronics,Electronic Games
B-27926,4345.55,501.2,6,Clothing,Kurti
B-29683,1536.91,-304.01,7,Electronics,Phones
B-29321,1142.73,-29.8,4,Furniture,Bookcases
B-33622,1109.01,-151.33,7,Clothing,Kurti
B-31360,966.4,361.89,4,Electronics,Phones
B-25906,2107.69,101.35,2,Furniture,Tables
B-26710,3649.93,-758.79,3,Furniture,Chairs
B-30040,3242.35,1080.66,10,Clothing,Trousers
B-32156,359.46,-50.06,3,Clothing,Saree
B-33783,3777.7,450.3,3,Electronics,Accessories
B-35255,3780.87,-1127.45,7,Furniture,Tables
B-29745,4196.14,562.49,9,Electronics,Accessories
B-33654,2873.18,462.09,6,Furniture,Bookcases
B-27192,3542.73,962.12,1,Furniture,Furnishings
B-34128,2554.9,116.81,8,Clothing,Saree
B-29614,4126.64,517.57,6,Clothing,Hankerchief
B-28128,826.01,-132.24,3,Furniture,Furnishings
B-31014,1708.39,108.16,6,Electronics,Phones
B-27920,2608.45,910.56,9,Furniture,Chairs
B-33473,94.07,-15.36,10,Clothing,T-Shirt
B-33268,2719.8,-24.36,2,Clothing,Leggings
B-34235,2268.08,-37.8,3,Clothing,Trousers
B-32874,625.37,0.32,1,Furniture,Chairs
B-26382,683.6,-104.64,5,Electronics,Printers
B-35486,3824.13,-816.95,5,Clothing,Trousers
B-35192,1789.67,312.81,1,Electronics,Phones
B-30258,2462.59,76.74,10,Electronics,Electronic Games
B-26996,1633.42,28.46,2,Electronics,Electronic Games
B-27449,1740.72,-378.38,7,Furniture,Furnishings
B-26167,1382.61,461.02,2,Clothing,Hankerchief
B-33903,3568.84,-439.87,4,Clothing,Skirt
B-33139,1711.55,608.11,8,Electronics,Phones
B-33331,879.01,271.39,6,Electronics,Phones
B-29163,2617.84,659.31,7,Clothing,Trousers
B-27555,2896.82,411.19,10,Electronics,Electronic Games
B-35376,1892.9,-172.34,8,Clothing,Shirt
B-34388,118.98,-27.48,8,Electronics,Electronic Games
B-27790,1572.57,553.5,7,Furniture,Bookcases
B-27872,140.9,-37.87,2,Electronics,Printers
B-27285,2050.54,-57.51,9,Electronics,Printers
B-30378,1014.3,367.74,9,Furniture,Tables
B-30586,601.92,-106.33,6,Clothing,T-Shirt
B-31090,195.17,-33.58,3,Clothing,Hankerchief
B-26334,697.91,73.13,7,Clothing,Saree
B-34927,4325.14,241.34,3,Electronics,Phones
B-35367,4981.06,496.87,9,Electronics,Phones
B-26753,44.55,16.2,3,Furniture,Furnishings
B-25887,1073.91,-19.27,9,Electronics,Accessories
B-27311,2997.18,790.97,1,Clothing,Leggings
B-26691,1588.5,170.1,8,Furniture,Furnishings
B-26503,955.65,-98.83,3,Furniture,Tables
B-27376,474.61,-28.61,5,Furniture,Furnishings
B-31428,816.42,43.45,2,Clothing,Kurti
B-30638,2653.88,601.09,3,Electronics,Printers
B-28035,2206.39,-54.63,5,Furniture,Chairs
B-32771,1210.9,18.46,5,Furniture,Furnishings
B-33974,1811.98,-210.86,4,Furniture,Bookcases
B-28841,660.12,71.54,7,Clothing,T-Shirt
B-32479,69.66,25.44,10,Clothing,Leggings
B-33505,1895.14,-144.12,5,Electronics,Printers
B-28884,2486.84,522.82,10,Furniture,Furnishings
B-34756,3641.49,685.05,8,Electronics,Electronic Games
B-30593,4588.7,691.77,3,Clothing,Saree
B-31843,1340.94,-294.22,7,Clothing,Saree
B-34643,1666.72,-454.04,9,Furniture,Tables
B-30103,1897.58,464.99,6,Clothing,Stole
B-31770,4370.56,1344.62,4,Clothing,Leggings
B-30751,1677.26,481.37,8,Clothing,Stole
B-28303,1504.05,473.71,9,Clothing,Shirt
B-33879,4962.59,1978.55,6,Clothing,Skirt
B-26523,527.0,-62.58,4,Furniture,Furnishings
B-34868,1144.75,28.48,8,Clothing,Shirt
B-31781,1245.3,314.61,1,Furniture,Furnishings
B-34071,4240.01,-70.38,5,Electronics,Phones
B-26015,2555.95,-715.62,10,Furniture,Bookcases
B-25821,4650.92,394.01,2,Furniture,Bookcases
B-30038,1932.41,-203.93,6,Clothing,Kurti
B-33910,3908.57,672.06,8,Furniture,Furnishings
B-28841,4358.51,-197.95,2,Furniture,Furnishings
B-25795,1164.9,112.51,8,Clothing,Hankerchief
B-29973,3898.99,-244.39,6,Electronics,Printers
B-34645,822.83,29.3,2,Furniture,Furnishings
B-34289,1196.96,89.27,6,Clothing,Leggings
B-26904,3688.78,758.49,6,Furniture,Bookcases
B-33115,4891.06,-880.13,6,Furniture,Tables
B-30857,3051.1,781.77,10,Clothing,Skirt
B-27687,4557.66,-1170.32,1,Clothing,Trousers
B-25618,2385.51,743.31,9,Clothing,Hankerchief
B-27016,286.64,-34.45,4,Electronics,Phones
B-32016,3401.42,1272.87,4,Electronics,Phones
B-33026,962.96,-286.78,2,Electronics,Phones
B-31023,1891.5,428.68,2,Clothing,Skirt
B-32407,3304.14,-741.81,2,Electronics,Phones
B-31627,1685.36,-150.82,9,Furniture,Chairs
B-29354,3036.84,1139.88,4,Furniture,Chairs
B-31202,871.07,-155.9,5,Furniture,Chairs
B-28932,1015.5,375.93,10,Clothing,Leggings
B-28433,1762.07,270.4,5,Furniture,Bookcases
B-34202,2234.15,532.38,5,Furniture,Furnishings
B-27449,3311.3,-420.73,7,Electronics,Phones
B-29931,237.48,11.4,9,Furniture,Tables
B-30545,615.34,-132.36,9,Clothing,Skirt
B-33639,1381.82,9.24,7,Furniture,Chairs
B-27435,1154.17,75.09,7,Electronics,Phones
B-27299,320.63,-14.02,10,Clothing,Leggings
B-34982,3068.43,998.83,7,Furniture,Tables
B-30921,3373.82,-462.04,4,Furniture,Chairs
B-32909,4025.92,-798.55,4,Furniture,Tables
B-33499,1164.1,-54.36,8,Electronics,Electronic Games
B-29388,3408.42,-582.51,10,Furniture,Bookcases
B-28717,2100.37,-0.67,4,Clothing,Saree
B-35120,2158.13,235.59,9,Electronics,Accessories
B-27708,2583.54,702.4,3,Furniture,Bookcases
B-25651,2078.86,-464.79,5,Furniture,Tables
B-34359,4469.2,122.63,9,Electronics,Phones
B-33711,1224.58,241.55,10,Clothing,T-Shirt
B-28610,3575.14,776.09,1,Furniture,Furnishings
B-26984,3166.85,-450.53,9,Clothing,T-Shirt
B-27416,1909.06,275.67,5,Clothing,Hankerchief
B-35591,1946.35,-406.47,2,Clothing,Shirt
B-32237,2892.54,-793.31,1,Furniture,Furnishings
B-29130,4468.74,-1125.91,8,Electronics,Phones
B-35263,4370.53,-823.05,9,Clothing,Shirt
B-33934,1887.95,621.42,4,Clothing,Leggings
B-30931,2051.26,328.95,4,Clothing,Kurti
B-30027,1090.4,-202.33,10,Furniture,Chairs
B-31808,3675.97,675.9,7,Electronics,Electronic Games
B-31512,2220.75,167.28,1,Electronics,Accessories
B-25812,4956.3,-1240.83,3,Clothing,Trousers
B-30760,4816.95,-1360.13,10,Electronics,Accessories
B-27515,382.54,-6.17,7,Furniture,Furnishings
B-28028,1601.12,252.35,6,Electronics,Printers
B-29309,1993.01,528.7,10,Electronics,Printers
B-31179,142.63,-33.02,9,Furniture,Chairs
B-26752,1324.81,304.74,8,Clothing,Leggings
B-34770,3805.01,1158.27,8,Furniture,Bookcases
B-28073,4256.5,-806.15,7,Electronics,Electronic Games
B-28714,3626.22,70.91,7,Clothing,Trousers
B-31180,2207.3,-154.7,7,Electronics,Phones
B-34506,1637.45,302.13,6,Clothing,Trousers
B-29819,3290.82,-491.96,8,Clothing,Saree
B-28375,1766.22,-370.81,7,Furniture,Bookcases
B-33864,2759.28,32.64,8,Electronics,Electronic Games
B-27976,2352.63,-428.82,4,Furniture,Bookcases
B-31891,2991.22,49.29,10,Electronics,Accessories
B-30500,3618.74,-12.82,9,Clothing,Hankerchief
B-34300,4794.47,-51.07,8,Clothing,Stole
B-26050,1783.64,-42.1,10,Clothing,Leggings
B-27101,4875.93,-971.13,10,Clothing,Stole
B-29914,1442.42,426.2,10,Electronics,Electronic Games
B-31169,1638.4,-159.15,3,Furniture,Tables
B-33299,2224.54,476.85,4,Furniture,Tables
B-35457,4245.67,938.62,10,Electronics,Phones
B-28809,424.78,-52.82,8,Electronics,Printers
B-34536,525.52,-14.39,8,Furniture,Chairs
B-35158,1064.71,396.71,9,Furniture,Bookcases
B-35256,2502.86,890.95,4,Clothing,Trousers
B-32662,1552.03,-124.38,2,Clothing,Leggings
B-35508,4728.26,-19.54,4,Furniture,Bookcases
B-29464,1530.78,-135.19,8,Furniture,Tables
B-35370,2965.29,649.28,9,Clothing,Leggings
B-34084,520.71,-71.87,6,Furniture,Furnishings
B-28391,92.75,-7.76,4,Electronics,Accessories
B-30016,3402.92,-978.41,8,Electronics,Accessories
B-34328,1304.39,-276.21,5,Electronics,Accessories
B-27243,1082.09,-73.18,6,Electronics,Phones
B-33993,643.8,78.63,2,Clothing,Hankerchief
B-28203,4712.95,1470.15,4,Furniture,Bookcases
B-34471,2942.05,406.2,5,Clothing,Saree
B-28039,1925.88,205.86,2,Electronics,Electronic Games
B-34298,2876.13,33.35,9,Furniture,Bookcases
B-32356,3622.58,557.52,10,Clothing,Trousers
B-27227,2979.06,1016.23,1,Electronics,Printers
B-35350,1887.81,-285.85,4,Clothing,Stole
B-30782,4672.46,53.06,2,Electronics,Electronic Games
B-27765,1468.65,58.22,10,Electronics,Phones
B-26186,4520.25,929.21,8,Electronics,Phones
B-26482,4164.14,-703.03,7,Electronics,Accessories
B-29258,841.25,203.76,4,Electronics,Phones
B-31474,1166.76,-243.71,7,Furniture,Bookcases
B-30723,392.23,-116.66,9,Electronics,Accessories
B-29801,637.45,-26.8,8,Clothing,Hankerchief
B-26582,4749.14,-733.67,7,Furniture,Bookcases
B-26762,1942.23,130.14,9,Electronics,Electronic Games
B-28157,1858.65,-164.25,10,Clothing,Leggings
B-31011,3498.5,1130.99,1,Furniture,Furnishings
B-33933,569.67,87.24,8,Furniture,Bookcases
B-30048,3432.72,1156.59,2,Furniture,Tables
B-33775,1310.95,-263.17,10,Electronics,Printers
B-30186,3826.81,-1138.67,4,Clothing,Shirt
B-25993,89.47,9.04,10,Electronics,Printers
B-30240,513.65,-150.89,1,Furniture,Chairs
B-34654,1911.73,737.51,9,Clothing,T-Shirt
B-28864,1818.55,-377.51,10,Clothing,Shirt
B-30421,4343.01,1288.26,7,Clothing,Stole
B-27389,4783.96,-1197.56,1,Furniture,Bookcases
B-28261,3376.79,-813.67,8,Clothing,Skirt
B-27118,2876.25,522.31,8,Clothing,Stole
B-27043,1886.17,-91.4,9,Clothing,Stole
B-32220,4436.99,-2.14,5,Clothing,Kurti
B-34016,2387.5,180.39,4,Furniture,Tables
B-32286,423.5,40.92,8,Electronics,Electronic Games
B-26857,4712.32,-118.92,1,Clothing,Kurti
B-27860,595.06,-166.66,3,Furniture,Chairs
B-34961,206.49,-0.68,10,Clothing,Skirt
B-31915,2960.89,19.73,10,Electronics,Accessories
B-32253,2184.67,88.43,9,Clothing,Kurti
B-34571,3001.79,-316.04,5,Furniture,Chairs
B-29746,3222.84,-440.05,5,Electronics,Phones
B-32176,2491.48,-447.18,5,Electronics,Accessories
B-34254,1611.18,-239.61,5,Electronics,Printers
B-26635,1109.88,345.43,6,Clothing,Skirt
B-35247,2420.74,394.62,4,Furniture,Chairs
B-26503,2342.83,-223.06,4,Furniture,Chairs
B-30106,312.74,115.04,10,Electronics,Printers
B-33563,4967.89,-109.34,6,Clothing,Hankerchief
B-31843,2034.67,748.1,2,Clothing,Hankerchief
B-33333,1631.38,144.7,2,Electronics,Printers
B-30470,1802.01,87.06,1,Furniture,Chairs
B-27461,2440.63,-347.56,7,Clothing,Saree
B-35463,2526.63,496.9,8,Electronics,Printers
B-29032,974.75,-51.37,3,Furniture,Chairs
B-31991,1072.92,181.5,5,Electronics,Electronic Games
B-27704,2596.2,647.11,9,Clothing,Skirt
B-35241,4698.07,1215.56,10,Electronics,Phones
B-28575,2963.92,-623.16,2,Furniture,Chairs
B-26781,698.03,262.36,4,Electronics,Printers
B-31096,2641.86,89.35,4,Electronics,Accessories
B-28536,316.89,2.51,8,Furniture,Chairs
B-35564,3937.85,-514.13,2,Furniture,Tables
B-28261,1099.56,-89.81,5,Electronics,Phones
B-26595,4973.47,1831.65,6,Electronics,Phones
B-33281,4845.54,-659.59,9,Electronics,Electronic Games
B-34813,2914.51,411.36,1,Electronics,Printers
B-31196,1737.82,386.0,1,Electronics,Phones
B-31378,3926.06,-698.78,3,Clothing,Kurti
B-28925,4511.57,-966.4,2,Furniture,Chairs
B-27464,3632.51,343.03,10,Furniture,Bookcases
B-30074,2531.81,656.41,2,Electronics,Phones
B-31607,682.1,76.5,6,Furniture,Chairs
B-30860,3246.05,-523.56,3,Electronics,Accessories
B-27665,735.75,-105.37,10,Clothing,Leggings
B-33041,478.55,-119.03,3,Electronics,Accessories
B-28980,80.69,16.5,2,Clothing,Shirt
B-32336,2575.06,74.86,8,Furniture,Tables
B-26038,2188.95,729.81,8,Clothing,Shirt
B-30088,4353.13,-1030.3,9,Furniture,Chairs
B-29141,3870.47,-663.54,1,Clothing,Shirt
B-29547,2465.96,380.89,4,Clothing,Kurti
B-35349,1905.78,577.41,7,Furniture,Bookcases
B-31216,1912.53,598.16,10,Electronics,Printers
B-32990,671.85,-194.67,3,Electronics,Phones
B-28057,2705.3,322.25,8,Furniture,Furnishings
B-33457,783.55,312.93,6,Clothing,Shirt
B-31644,2315.1,925.72,3,Furniture,Bookcases
B-30026,3754.86,1062.35,7,Clothing,Skirt
B-33988,4963.35,1219.21,9,Electronics,Electronic Games
B-35137,587.8,30.45,9,Electronics,Electronic Games
B-33305,3934.85,1355.51,4,Electronics,Accessories
B-32329,4141.53,844.96,10,Electronics,Electronic Games
B-30965,3825.6,-942.33,4,Electronics,Phones
B-31075,4319.6,1456.22,4,Electronics,Accessories
B-26135,4965.46,-1163.5,8,Clothing,Leggings
B-30552,667.39,203.61,5,Clothing,Leggings
B-27584,1763.51,-146.01,1,Electronics,Electronic Games
B-29763,1704.6,153.15,5,Clothing,Leggings
B-33454,1782.82,-152.38,1,Furniture,Chairs
B-30806,4328.1,981.85,10,Clothing,Hankerchief
B-29394,2096.09,519.5,4,Furniture,Bookcases
B-29674,2610.68,217.78,6,Electronics,Electronic Games
B-35581,4883.3,-889.3,10,Electronics,Accessories
B-34257,4344.5,510.16,5,Clothing,Leggings
B-33474,287.97,20.73,1,Electronics,Printers
B-25606,4374.18,1225.91,2,Clothing,Shirt
B-29974,1072.34,-200.41,2,Clothing,Shirt
B-31980,2497.99,-296.37,1,Clothing,Hankerchief
B-32033,814.73,189.93,3,Furniture,Furnishings
B-31168,3078.54,-123.21,1,Furniture,Tables
B-35186,2433.65,-403.02,9,Clothing,T-Shirt
B-34922,385.42,24.34,4,Electronics,Electronic Games
B-30400,3641.17,568.92,2,Furniture,Furnishings
B-26572,3800.99,46.11,5,Electronics,Electronic Games
B-30956,3859.62,861.91,7,Furniture,Furnishings
B-30210,4470.41,1733.32,9,Furniture,Bookcases
B-29105,3870.73,568.7,2,Electronics,Phones
B-30489,2763.15,1024.68,9,Electronics,Printers
B-30139,1827.71,-26.58,2,Clothing,Trousers
B-28240,2368.39,467.96,2,Furniture,Furnishings
B-28936,2429.94,734.27,1,Clothing,Skirt
B-35543,528.65,-6.94,10,Clothing,Leggings
B-26182,4230.27,-668.48,6,Furniture,Chairs
B-34451,891.47,186.18,8,Electronics,Electronic Games
B-27490,845.34,-173.21,5,Furniture,Tables
B-34861,3147.54,-405.67,8,Furniture,Chairs
B-33320,2212.4,473.2,3,Electronics,Phones
B-27916,3111.05,672.21,3,Electronics,Accessories
B-27467,4207.34,1529.96,1,Clothing,Hankerchief
B-32083,3490.45,1389.12,2,Clothing,T-Shirt
B-29147,2158.02,253.98,1,Electronics,Electronic Games
B-32829,3227.02,610.31,5,Furniture,Tables
B-26214,4272.85,1530.36,1,Clothing,Skirt
B-29514,983.4,-110.59,5,Furniture,Tables
B-30685,3661.86,1138.64,6,Electronics,Phones
B-29016,3353.0,-818.57,4,Furniture,Bookcases
B-28091,3196.22,730.06,7,Electronics,Accessories
B-31624,855.91,37.9,3,Electronics,Electronic Games
B-28293,3110.2,553.25,5,Clothing,Skirt
B-35479,4210.47,1515.09,8,Furniture,Furnishings
B-32229,3561.48,-174.78,7,Electronics,Phones
B-26928,2016.7,-89.9,3,Electronics,Phones
B-35344,543.99,192.12,7,Clothing,T-Shirt
B-26493,1809.93,-277.47,9,Furniture,Bookcases
B-31885,4149.61,1592.6,7,Furniture,Tables
B-27098,755.26,221.77,10,Furniture,Chairs
B-35551,433.04,83.42,8,Electronics,Printers
B-25920,2687.62,265.44,1,Clothing,Hankerchief
B-26837,602.19,-82.29,1,Electronics,Phones
B-26112,4056.81,162.41,4,Clothing,T-Shirt
B-35215,921.15,240.76,7,Furniture,Furnishings
B-25734,346.77,-54.38,3,Clothing,T-Shirt
B-26067,639.01,-50.4,2,Furniture,Tables
B-30126,2130.07,-436.83,3,Electronics,Electronic Games
B-35326,4328.77,1571.21,7,Furniture,Furnishings
B-30265,2674.78,-537.06,10,Furniture,Furnishings
B-33344,3263.06,-517.3,9,Furniture,Tables
B-26305,410.22,1.79,6,Furniture,Chairs
B-32895,3007.67,521.6,2,Clothing,Kurti
B-34798,1293.96,-296.03,10,Furniture,Tables
B-29499,2444.98,657.22,9,Furniture,Bookcases
B-33186,3009.31,-806.85,3,Electronics,Accessories
B-30001,4294.79,-221.21,6,Electronics,Electronic Games
B-31066,3115.35,784.27,8,Electronics,Electronic Games
B-27728,748.69,140.55,1,Furniture,Furnishings
B-29873,599.24,-59.0,2,Furniture,Bookcases
B-26782,975.52,-87.78,1,Clothing,T-Shirt
B-33607,1094.35,430.41,3,Electronics,Printers
B-34277,1987.3,-376.28,6,Electronics,Printers
B-34249,2894.71,-300.19,10,Clothing,Kurti
B-34101,4374.16,-66.76,1,Furniture,Tables
B-33810,1719.66,-143.73,7,Electronics,Phones
B-32959,3230.16,-679.45,5,Electronics,Printers
B-33644,1717.16,415.34,9,Electronics,Printers
B-25747,1651.58,-25.99,3,Furniture,Chairs
B-26966,3648.01,246.81,6,Clothing,T-Shirt
B-35055,3475.67,699.86,10,Electronics,Accessories
B-33611,4306.25,-297.33,4,Furniture,Bookcases
B-30976,1359.19,-88.65,8,Clothing,Trousers
B-30514,1685.45,659.59,3,Furniture,Furnishings
B-26442,1391.65,433.5,4,Clothing,Stole
B-28188,2011.69,566.79,10,Clothing,Shirt
B-28816,4679.47,349.28,4,Clothing,Leggings
B-33278,987.8,-190.31,9,Clothing,Trousers
B-32594,2967.45,603.04,10,Electronics,Printers
B-35595,3662.09,-157.88,3,Furniture,Furnishings
B-28864,2619.53,151.86,8,Clothing,Hankerchief
B-35545,4806.76,-588.17,9,Clothing,Shirt
B-33297,712.13,-175.4,4,Clothing,Skirt
B-25924,4909.55,-857.25,8,Electronics,Phones
B-32446,3110.34,-487.58,6,Electronics,Electronic Games
B-27859,4836.75,-397.21,10,Clothing,Stole
B-34729,2630.8,1025.48,9,Furniture,Chairs
B-30698,3497.67,1092.65,7,Clothing,Trousers
B-30882,4677.73,-486.71,6,Furniture,Bookcases
B-34711,4621.68,-146.68,5,Electronics,Printers
B-26133,299.35,9.77,4,Furniture,Chairs
B-28185,1116.88,181.94,1,Clothing,Hankerchief
B-26593,3409.57,1344.1,9,Furniture,Chairs
B-27849,3691.3,-76.44,7,Clothing,Leggings
B-35247,3835.73,891.4,2,Electronics,Electronic Games
B-33489,3150.09,-25.11,10,Clothing,Trousers
B-27545,1089.88,-271.28,4,Furniture,Tables
B-30506,3121.73,-791.94,3,Furniture,Bookcases
B-29753,967.55,-179.44,3,Clothing,Skirt
B-25617,4012.83,-917.99,4,Clothing,Leggings
B-27169,4061.28,-308.11,2,Electronics,Phones
B-28855,2656.42,266.21,5,Clothing,Trousers
B-29199,2847.07,520.87,10,Clothing,Kurti
B-27805,813.79,93.08,10,Furniture,Furnishings
B-27164,4706.14,-176.87,9,Electronics,Electronic Games
B-31009,1809.21,33.33,2,Clothing,Trousers
B-33339,3234.43,-741.85,4,Furniture,Furnishings
B-27556,513.55,-127.37,1,Clothing,Leggings
B-30431,1134.81,387.82,6,Electronics,Accessories
B-27351,4514.9,985.83,2,Furniture,Tables
B-26288,4636.9,-156.22,2,Clothing,Skirt
B-32875,3582.6,390.46,5,Furniture,Furnishings
B-27922,4360.17,385.45,4,Clothing,Stole
B-29232,3606.3,398.97,5,Clothing,Skirt
B-28569,4047.87,-73.81,3,Clothing,Shirt
B-27125,357.24,123.01,8,Furniture,Bookcases
B-26063,3680.55,1150.62,1,Electronics,Printers
B-29236,1273.14,67.31,4,Furniture,Chairs
B-28040,1504.95,107.85,3,Clothing,T-Shirt
B-27519,2569.8,666.28,6,Clothing,Hankerchief
B-28081,4340.18,-556.97,2,Electronics,Accessories
B-34236,2923.58,-309.78,4,Clothing,Stole
B-34291,1494.93,-233.34,9,Clothing,Leggings
B-25787,3237.93,-798.67,2,Clothing,T-Shirt
B-32855,771.55,61.2,8,Electronics,Printers
B-33072,4842.98,28.6,3,Furniture,Bookcases
B-27174,3824.76,52.7,9,Electronics,Phones
B-28150,2496.78,141.41,3,Electronics,Electronic Games
B-29246,2461.18,111.23,5,Clothing,Trousers
B-34893,4294.44,386.22,5,Furniture,Furnishings
B-32159,1498.54,274.94,1,Clothing,Hankerchief
B-32256,98.65,-28.41,9,Clothing,Stole
B-33182,4050.84,-1141.53,5,Clothing,Kurti
B-32635,2544.83,142.98,2,Clothing,Leggings
B-32133,429.86,128.73,10,Clothing,Skirt
B-35566,4353.03,-990.04,5,Clothing,T-Shirt
B-28867,4133.98,1032.67,7,Electronics,Electronic Games
B-26816,3517.14,-312.23,4,Clothing,Trousers
B-27013,2080.38,373.99,4,Clothing,Saree
B-25701,4191.65,-1073.53,1,Furniture,Bookcases
B-35076,873.94,-166.02,8,Clothing,Saree
B-33846,143.66,15.01,2,Electronics,Phones
B-34140,3246.4,484.56,1,Clothing,Stole
B-31208,769.8,-190.55,7,Electronics,Electronic Games
B-35435,2977.36,-39.42,2,Clothing,Leggings
B-33914,2442.68,333.23,2,Furniture,Chairs
B-27127,4127.92,-934.49,7,Furniture,Furnishings
B-28066,3773.86,1450.78,7,Furniture,Furnishings
B-34326,4069.38,741.89,4,Clothing,Stole
B-32705,2214.59,-553.79,2,Furniture,Furnishings
B-28892,3007.31,-290.22,5,Electronics,Accessories
B-31089,2654.73,-108.51,6,Electronics,Electronic Games
B-33243,3086.17,626.11,8,Clothing,Skirt
B-33662,2366.01,-583.89,10,Clothing,Kurti
B-26697,2001.88,37.56,5,Furniture,Tables
B-33079,3526.27,573.4,4,Electronics,Accessories
B-28161,3076.36,-911.06,10,Clothing,Skirt
B-34836,2894.2,617.26,7,Furniture,Furnishings
B-31238,2500.1,668.74,1,Clothing,Skirt
B-29871,4073.18,-123.52,6,Clothing,Shirt
B-34614,4696.8,857.87,9,Clothing,Trousers
B-27217,2121.44,754.89,4,Electronics,Accessories
B-31712,1034.11,-101.47,1,Furniture,Bookcases
B-27647,3749.33,1477.32,10,Furniture,Chairs
B-27900,2438.83,370.34,9,Furniture,Tables
B-26736,686.61,76.97,7,Furniture,Tables
B-26508,1005.4,249.69,3,Furniture,Chairs
B-33641,4072.35,1503.98,9,Electronics,Printers
B-33562,4521.61,-108.83,2,Furniture,Furnishings
B-29246,3595.07,971.54,1,Furniture,Furnishings
B-28481,2147.38,28.18,10,Clothing,T-Shirt
B-34473,3724.21,-844.98,5,Electronics,Accessories
B-35362,4702.7,79.76,3,Clothing,Skirt
B-28481,1003.17,102.15,3,Furniture,Chairs
B-34851,2162.07,53.84,8,Electronics,Accessories
B-31110,2530.39,-553.66,4,Electronics,Printers
B-25859,1371.35,118.91,1,Furniture,Tables
B-32990,2753.9,1015.19,3,Furniture,Furnishings
B-26922,3387.56,-227.19,10,Clothing,Leggings
B-35011,3701.83,-1032.34,5,Clothing,Saree
B-30136,1751.84,296.98,6,Furniture,Tables
B-32874,2188.73,-580.49,5,Clothing,Kurti
B-28738,2355.41,358.8,9,Electronics,Phones
B-32099,4592.87,-640.27,3,Electronics,Printers
B-34901,934.24,280.52,8,Clothing,Leggings
B-31923,3477.9,992.13,1,Electronics,Accessories
B-27410,4050.57,175.21,8,Electronics,Phones
B-28614,2099.19,317.1,6,Furniture,Furnishings
B-35042,1537.27,-451.17,10,Furniture,Bookcases
B-31815,190.53,8.68,10,Furniture,Bookcases
B-26867,518.44,94.84,8,Furniture,Bookcases
B-29553,1140.56,-5.71,3,Clothing,Saree
B-29546,1902.06,161.18,2,Clothing,Trousers
B-30688,4827.47,350.23,3,Furniture,Chairs
B-32960,1122.48,-321.43,3,Furniture,Chairs
B-27383,709.29,154.98,6,Furniture,Chairs
B-34943,1077.27,108.22,7,Furniture,Bookcases
B-25997,4970.75,718.85,1,Furniture,Tables
B-34134,679.37,-42.67,1,Electronics,Phones
B-34408,4655.19,-1378.65,5,Clothing,Leggings
B-33889,4589.49,1254.7,7,Clothing,Hankerchief
B-32929,4367.39,-962.14,8,Clothing,Stole
B-28076,1263.43,117.56,6,Clothing,T-Shirt
B-30382,3582.42,511.19,2,Clothing,Hankerchief
B-31018,2772.47,-219.99,7,Clothing,Trousers
B-28628,4470.26,740.39,7,Electronics,Accessories
B-27588,2640.79,1027.22,2,Electronics,Printers
B-28885,952.04,-283.1,2,Clothing,Hankerchief
B-32012,3470.12,-563.9,5,Furniture,Chairs
B-28525,4936.67,-509.45,5,Electronics,Electronic Games
B-32552,3154.84,891.24,6,Furniture,Furnishings
B-34604,1581.3,-212.54,2,Furniture,Tables
B-29614,3398.7,-990.1,8,Furniture,Tables
B-33103,1717.1,435.63,6,Electronics,Accessories
B-35068,1549.32,-90.57,10,Clothing,Kurti
B-32971,3512.51,-1007.73,1,Clothing,Trousers
B-28429,2191.4,-189.98,2,Furniture,Tables
B-32521,2324.46,452.1,8,Electronics,Printers
B-30172,1040.75,-35.5,6,Clothing,Stole
B-35284,3350.12,-229.04,3,Electronics,Electronic Games
B-33803,1252.54,226.08,7,Furniture,Bookcases
B-30481,108.14,18.5,8,Electronics,Phones
B-29408,4002.51,246.5,6,Clothing,Skirt
B-35024,1787.11,-426.39,2,Furniture,Bookcases
B-27037,2354.97,338.6,4,Furniture,Furnishings
B-29495,3586.79,1114.87,1,Clothing,Stole
B-30751,199.79,47.48,3,Clothing,Stole
B-34643,4728.39,1656.83,6,Clothing,Saree
B-31281,4809.48,955.77,4,Furniture,Furnishings
B-27340,2538.49,822.53,4,Furniture,Tables
B-35325,1948.51,-69.57,9,Furniture,Furnishings
B-32192,3532.53,-619.47,8,Furniture,Furnishings
B-30081,1603.9,-372.82,7,Electronics,Electronic Games
B-27877,3403.8,210.34,2,Clothing,Shirt
B-26098,2550.11,285.72,7,Electronics,Accessories
B-27736,3816.15,1000.17,2,Electronics,Phones
B-26298,3715.24,1062.13,3,Electronics,Accessories
B-29374,3294.73,1034.96,7,Furniture,Furnishings
B-27401,1856.59,347.26,3,Furniture,Tables
B-33802,3165.44,744.1,8,Clothing,Saree
B-34519,774.91,236.87,9,Clothing,Shirt
B-34712,4485.09,-595.8,9,Electronics,Accessories
B-33983,2229.71,352.26,5,Furniture,Furnishings
B-26780,3302.8,-163.86,6,Electronics,Printers
B-33952,643.72,-10.35,2,Furniture,Chairs
B-34370,1843.36,-135.2,9,Furniture,Tables
B-28790,4650.91,-810.13,2,Clothing,Saree
B-29138,3875.97,-431.13,7,Clothing,T-Shirt
B-27323,4292.92,-716.04,1,Clothing,Hankerchief
B-33736,4144.97,878.94,2,Furniture,Tables
B-25986,369.03,78.15,2,Furniture,Furnishings
B-26765,1428.75,499.92,9,Furniture,Chairs
B-30031,3089.36,675.2,2,Clothing,T-Shirt
B-26357,2024.99,-499.48,10,Electronics,Electronic Games
B-28195,338.45,90.47,10,Clothing,Saree
B-34897,4011.24,658.29,10,Electronics,Printers
B-29450,1764.66,8.82,7,Clothing,T-Shirt
B-27605,2475.04,601.17,4,Electronics,Printers
B-28721,194.87,-33.93,4,Electronics,Printers
B-28160,472.71,-132.92,2,Electronics,Electronic Games
B-26340,2693.93,245.51,10,Electronics,Printers
B-33788,4082.13,239.45,9,Electronics,Electronic Games
B-28469,941.13,-256.78,7,Electronics,Printers
B-34477,4547.36,-846.08,1,Clothing,Kurti
B-30219,3373.82,-8.62,5,Clothing,Stole
B-28504,4545.64,-894.82,6,Electronics,Phones
B-33965,2412.22,-639.27,10,Clothing,Kurti
B-28541,4282.59,-1209.08,1,Electronics,Phones
B-28676,2863.15,192.45,4,Clothing,Leggings
B-25657,499.26,67.77,4,Electronics,Accessories
B-30702,3224.42,253.96,9,Clothing,Saree
B-31542,3245.24,879.73,3,Clothing,Kurti
B-26405,440.32,64.97,4,Furniture,Chairs
B-30087,4683.11,-894.8,7,Clothing,Trousers
B-29456,1939.92,-403.23,3,Electronics,Accessories
B-33689,3858.48,-57.09,10,Electronics,Accessories
B-34937,1856.7,455.19,10,Electronics,Phones
B-35568,1863.23,-42.33,7,Clothing,Stole
B-30043,2135.78,-315.95,3,Clothing,Skirt
B-31059,2476.73,355.59,9,Clothing,Saree
B-33936,1181.04,292.95,2,Furniture,Tables
B-34289,2679.21,-293.86,4,Electronics,Accessories
B-34882,1672.13,-114.26,2,Electronics,Phones
B-32780,3007.72,1058.09,10,Clothing,Leggings
B-28168,3359.24,420.78,8,Furniture,Bookcases
B-32843,216.15,-61.0,6,Clothing,Kurti
B-35524,1488.12,-288.45,3,Clothing,Shirt
B-35063,954.86,124.85,10,Clothing,Hankerchief
B-31115,4604.7,213.48,10,Furniture,Tables
B-30992,4594.17,599.31,8,Furniture,Chairs
B-30753,2936.66,649.99,1,Electronics,Phones
B-30257,2970.14,756.53,10,Clothing,Skirt
B-28164,3349.39,494.74,4,Clothing,Shirt
B-33668,1564.09,-353.48,4,Clothing,Saree
B-30975,3547.75,661.77,6,Electronics,Phones
B-31395,4543.65,1041.57,10,Electronics,Phones
B-25652,1203.78,133.31,8,Furniture,Chairs
B-32058,3671.34,-689.46,7,Electronics,Electronic Games
B-28852,3738.74,1457.99,3,Furniture,Bookcases
B-33079,2604.88,-264.36,5,Furniture,Furnishings
B-30006,772.37,248.13,9,Furniture,Tables
B-33261,1584.78,-139.78,10,Clothing,T-Shirt
B-33605,3641.94,-853.67,9,Clothing,Trousers
B-26886,1207.71,-244.33,9,Clothing,Leggings
B-34041,1929.85,-429.51,2,Clothing,Shirt
B-25698,1832.32,593.33,3,Clothing,Trousers
B-29685,700.77,-75.16,2,Clothing,Stole
B-32946,3861.77,1192.98,7,Electronics,Phones
B-28557,2193.35,-529.77,5,Clothing,T-Shirt
B-29136,2475.84,-468.32,5,Electronics,Phones
B-34784,383.4,-92.97,1,Furniture,Bookcases
B-26562,3000.43,598.34,5,Electronics,Printers
B-27672,3547.83,520.22,6,Furniture,Chairs
B-28797,2238.13,42.25,6,Furniture,Furnishings
B-28550,100.06,11.28,8,Electronics,Electronic Games
B-26536,329.33,88.64,8,Furniture,Tables
B-29323,3944.01,536.45,6,Furniture,Bookcases
B-31254,1903.78,489.68,4,Furniture,Bookcases
B-29595,1069.44,-92.14,10,Furniture,Bookcases
B-27610,1318.29,456.68,10,Clothing,Leggings
B-27250,2001.28,460.71,8,Electronics,Accessories
B-34181,383.53,3.42,6,Clothing,Trousers
B-26572,1750.61,-513.94,8,Electronics,Accessories
B-33329,4008.69,958.98,3,Clothing,Saree
B-32316,774.74,44.44,7,Furniture,Bookcases
B-29916,2653.3,1013.36,5,Clothing,Saree
B-32498,2158.89,-266.75,10,Furniture,Bookcases
B-29307,4193.99,1154.37,9,Furniture,Furnishings
B-32662,1653.3,-16.62,7,Electronics,Accessories
B-32385,3462.43,-426.49,5,Clothing,Trousers
B-26978,343.36,-71.09,1,Electronics,Phones
B-26738,4509.61,1480.06,8,Electronics,Phones
B-33776,141.62,-27.26,3,Furniture,Tables
B-31342,1997.05,-353.13,10,Clothing,Saree
B-27494,3384.7,188.51,9,Furniture,Tables
B-28923,2460.88,231.51,6,Electronics,Phones
B-33764,3908.33,-1007.16,3,Electronics,Phones
B-32359,3154.45,367.31,9,Clothing,Stole
B-26701,4551.24,-55.91,10,Electronics,Electronic Games
B-29300,502.12,-80.27,4,Furniture,Bookcases
B-34936,2239.0,303.64,7,Clothing,Trousers
B-29454,978.7,123.77,7,Furniture,Tables
B-29114,2800.12,-6.48,9,Clothing,Skirt
B-28084,4955.4,778.34,6,Clothing,Saree
B-28443,3862.69,1194.39,9,Furniture,Chairs
B-29660,2838.54,-167.99,5,Clothing,Stole
B-27422,2176.46,26.49,1,Electronics,Phones
B-25971,4223.78,-630.07,1,Clothing,Saree
B-32961,160.7,55.73,5,Furniture,Bookcases
B-27023,624.18,179.08,6,Clothing,Kurti
B-33203,4252.66,609.48,3,Clothing,Leggings
B-34649,2066.45,-595.19,1,Electronics,Accessories
B-27739,2414.96,-713.44,3,Furniture,Bookcases
B-28179,2910.58,524.93,5,Electronics,Phones
B-31111,1003.31,-255.82,5,Electronics,Phones
B-31870,1494.62,323.98,4,Clothing,Leggings
B-26348,682.96,161.18,2,Furniture,Tables
B-31752,743.22,-214.27,2,Furniture,Tables
B-27725,4724.51,813.9,9,Clothing,T-Shirt
B-28235,235.52,65.19,6,Clothing,Leggings
B-33841,2505.82,895.66,1,Electronics,Accessories
B-25874,684.36,-105.08,6,Clothing,T-Shirt
B-25783,3879.5,694.61,1,Clothing,Leggings
B-28303,3930.66,1123.08,4,Furniture,Chairs
B-31126,1674.78,452.81,5,Clothing,Shirt
B-31038,4411.21,162.3,6,Clothing,Stole
B-34888,2354.22,896.98,9,Electronics,Phones
B-33104,247.09,19.33,10,Electronics,Printers
B-33624,229.86,-1.42,5,Electronics,Electronic Games
B-31037,4497.83,-36.85,8,Clothing,Hankerchief
B-32294,2743.86,409.63,6,Clothing,Saree
B-32878,814.5,154.99,4,Clothing,Skirt
B-35333,3051.03,986.63,2,Furniture,Tables
B-32166,2420.07,621.27,3,Clothing,Skirt
B-27948,1260.11,275.87,5,Clothing,Stole
B-30551,2155.92,451.25,1,Electronics,Printers
B-27675,773.25,15.12,2,Electronics,Electronic Games
B-30814,3427.97,-483.38,3,Clothing,Saree
B-27073,1406.77,477.07,2,Clothing,T-Shirt
B-29246,829.41,272.28,3,Electronics,Electronic Games
B-35198,373.46,-105.95,1,Electronics,Electronic Games
B-30264,292.91,-74.12,6,Clothing,Kurti
B-30121,2515.24,17.96,9,Furniture,Tables
B-30268,114.23,33.41,3,Clothing,Leggings
B-35312,1270.97,-51.24,3,Clothing,Leggings
B-26615,769.35,-215.21,9,Furniture,Bookcases
B-33828,4989.26,1892.11,6,Clothing,Stole
B-26483,1622.39,595.11,6,Electronics,Printers
B-33688,3689.5,-238.79,7,Electronics,Printers
B-33364,1425.74,-322.7,3,Furniture,Bookcases
B-26097,2622.46,221.9,10,Electronics,Printers
B-28337,4079.7,-679.75,2,Clothing,Stole
B-35183,3769.93,-914.81,8,Clothing,Shirt
B-34584,3316.7,624.85,7,Electronics,Accessories
B-32635,407.26,4.81,2,Clothing,T-Shirt
B-35181,2272.46,692.48,10,Electronics,Accessories
B-28591,858.19,278.59,6,Clothing,Skirt
B-26010,1071.77,144.77,5,Electronics,Printers
B-30414,2029.91,619.84,3,Clothing,Shirt
B-30765,1303.21,-216.64,10,Electronics,Accessories
B-35058,1464.37,300.12,9,Furniture,Bookcases
B-28928,365.29,14.37,3,Clothing,Trousers
B-34322,996.19,-2.38,7,Clothing,Saree
B-32278,1679.69,320.02,1,Clothing,T-Shirt
B-34664,1103.22,183.85,6,Electronics,Printers
B-27732,1559.86,501.71,5,Clothing,Stole
B-28782,3713.4,516.18,4,Electronics,Accessories
B-34034,4187.56,779.87,10,Electronics,Electronic Games
B-29401,3247.41,1104.1,4,Electronics,Phones
B-30576,3746.44,1353.8,3,Furniture,Chairs
B-30294,3982.41,-383.46,5,Furniture,Bookcases
B-29286,2567.16,-264.27,2,Clothing,Skirt
B-33030,341.94,-24.36,4,Clothing,Trousers
B-33190,2189.29,502.49,10,Clothing,Trousers
B-32037,418.77,13.88,8,Furniture,Tables
B-35594,4165.41,-1160.76,5,Clothing,Skirt
B-32807,3280.99,0.8,10,Clothing,Shirt
B-29466,3119.11,-265.75,3,Electronics,Accessories
B-33635,4736.57,-215.48,2,Clothing,Skirt
B-33189,389.99,-80.36,2,Furniture,Tables
B-29157,704.73,-131.98,2,Clothing,T-Shirt
B-30465,3999.94,-432.73,2,Clothing,Trousers
B-33236,4563.41,-308.77,5,Clothing,Stole
B-28079,4500.77,1165.72,4,Furniture,Tables
B-31882,2945.55,353.24,7,Electronics,Phones
B-27551,1337.5,421.8,9,Electronics,Accessories
B-33252,2720.07,-611.21,8,Furniture,Furnishings
B-29691,558.05,-19.78,9,Furniture,Furnishings
B-32888,4807.3,-1156.93,5,Furniture,Chairs
B-30386,4384.0,-1137.33,4,Clothing,Skirt
B-35064,4548.44,1410.08,10,Furniture,Chairs
B-32092,3940.84,-583.01,2,Clothing,T-Shirt
B-31708,4339.77,249.31,6,Clothing,Skirt
B-28608,4926.51,-285.47,9,Clothing,T-Shirt
B-26965,274.36,25.22,9,Electronics,Accessories
B-26534,1993.03,297.08,1,Furniture,Furnishings
B-27230,2450.16,-431.76,10,Furniture,Tables
B-31928,4373.75,238.19,2,Electronics,Phones
B-31292,4386.42,1458.84,3,Clothing,Skirt
B-28323,3139.78,-776.16,2,Electronics,Electronic Games
B-35251,38.09,6.54,8,Electronics,Accessories
B-33599,2296.19,23.92,3,Furniture,Chairs
B-30674,601.19,-106.02,10,Electronics,Printers
B-26867,2225.9,-234.69,6,Clothing,T-Shirt
B-32701,3011.94,258.72,10,Clothing,Skirt
B-30505,1959.3,6.0,10,Clothing,Hankerchief
B-31465,3453.04,-689.06,9,Furniture,Bookcases
B-31096,4045.11,201.63,5,Electronics,Phones
B-35298,2615.91,816.6,4,Furniture,Furnishings
B-30941,410.58,122.66,9,Clothing,Shirt
B-34090,3817.86,1287.45,4,Electronics,Phones
B-35394,1111.21,-52.04,9,Clothing,Stole
B-29476,4584.52,1173.39,4,Furniture,Furnishings
B-33949,4019.95,532.71,8,Clothing,Saree
B-35536,1450.95,-99.45,8,Clothing,Shirt
B-34034,880.19,132.48,3,Clothing,Hankerchief
B-31194,428.23,-11.49,9,Electronics,Accessories
B-33831,1437.62,-64.32,1,Electronics,Printers
B-27352,160.11,48.05,8,Furniture,Bookcases
B-30654,4250.01,769.62,3,Furniture,Chairs
B-29489,2737.49,-157.52,1,Clothing,Stole
B-28075,83.17,4.79,2,Clothing,Stole
B-28401,3998.96,1458.96,5,Furniture,Furnishings
B-28165,2886.32,655.54,9,Clothing,Shirt
B-28459,3678.69,1026.29,3,Clothing,Shirt
B-29940,168.31,57.07,6,Clothing,Skirt
B-30357,1142.9,169.27,6,Electronics,Phones
B-32403,2689.61,549.62,2,Clothing,Hankerchief
B-35315,380.34,-70.79,6,Clothing,Leggings
B-31360,3687.78,386.72,10,Clothing,Trousers
B-34575,1511.01,-238.18,6,Clothing,Trousers
B-30670,1647.4,172.86,2,Furniture,Tables
B-31308,2030.58,155.44,3,Electronics,Accessories
B-27727,931.28,212.12,9,Furniture,Tables
B-32155,2932.23,664.1,10,Clothing,Skirt
B-30849,3211.67,698.66,1,Electronics,Accessories
B-27303,2766.98,-424.51,3,Electronics,Electronic Games
B-29846,3681.82,698.36,4,Electronics,Accessories
B-30768,1887.88,344.65,9,Clothing,T-Shirt
B-30483,168.72,-23.38,6,Electronics,Electronic Games
B-35144,4542.91,1191.89,6,Furniture,Chairs
B-34737,2488.38,-405.65,9,Clothing,Kurti
B-26120,2676.54,-281.86,9,Clothing,Saree
B-35077,1950.53,39.59,8,Electronics,Phones
B-34031,4591.31,294.9,8,Clothing,Skirt
B-29800,1202.67,336.67,2,Clothing,Saree
B-33399,4890.16,-342.76,5,Electronics,Electronic Games
B-32873,2926.4,797.45,7,Clothing,Stole
B-27750,2816.72,-690.78,3,Electronics,Printers
B-33922,1699.3,330.71,1,Clothing,Saree
B-30082,2888.11,-348.24,7,Electronics,Electronic Games
B-31267,3458.51,-350.72,9,Electronics,Printers
B-27063,2169.23,-332.56,9,Electronics,Printers
B-30127,3148.84,151.62,1,Electronics,Printers
B-29881,2516.02,-115.92,9,Electronics,Phones
B-33817,4499.99,500.12,4,Clothing,Shirt
B-27454,2788.3,-530.72,6,Furniture,Furnishings
B-28439,1898.44,-235.99,1,Electronics,Phones
B-31261,4066.25,774.76,9,Clothing,Leggings
B-31044,1652.42,-289.53,8,Clothing,Skirt
B-35330,3238.78,-619.73,6,Furniture,Tables
B-34825,2561.35,-203.85,9,Furniture,Furnishings
B-26277,2420.14,800.79,6,Electronics,Accessories
B-27915,156.49,-13.8,6,Electronics,Phones
B-25968,651.89,12.82,7,Furniture,Chairs
B-28387,581.31,213.81,3,Furniture,Chairs
B-35088,1824.86,663.72,8,Electronics,Phones
B-30838,4254.54,685.06,4,Clothing,Trousers
B-25991,2646.81,-576.23,1,Electronics,Electronic Games
B-32235,640.71,136.63,1,Clothing,T-Shirt
B-32979,2843.07,1127.44,7,Furniture,Tables
B-35027,174.34,30.22,6,Electronics,Printers
B-32800,399.16,-20.46,9,Clothing,Kurti
B-26316,4025.03,472.7,8,Clothing,Shirt
B-28333,1254.42,-331.9,5,Furniture,Tables
B-26606,2229.03,598.98,8,Furniture,Furnishings
B-31828,4485.53,-247.92,9,Electronics,Accessories
B-35258,2221.99,-561.75,10,Clothing,Kurti
B-31745,1984.06,-464.85,4,Furniture,Tables
B-30033,4784.9,1209.68,8,Furniture,Tables
B-28234,1615.64,-211.07,2,Clothing,T-Shirt
B-28735,1515.74,158.71,7,Furniture,Chairs
B-27544,312.56,5.44,7,Clothing,Kurti
B-34825,115.03,-13.07,8,Electronics,Electronic Games
B-31928,373.28,111.72,9,Furniture,Furnishings
B-26987,2881.3,158.95,2,Electronics,Accessories
B-35107,754.86,-50.4,1,Electronics,Electronic Games
B-27164,3587.65,912.25,8,Clothing,Skirt
B-25682,1897.21,468.75,6,Furniture,Chairs
B-34460,310.67,45.83,6,Furniture,Chairs
B-34713,2248.1,205.17,3,Furniture,Chairs
B-33667,3290.71,-536.28,6,Electronics,Accessories
B-34395,3686.14,746.49,2,Furniture,Bookcases
B-33572,3395.83,750.87,5,Electronics,Printers
B-26373,2917.91,-229.08,5,Furniture,Chairs
B-32265,168.38,-46.79,10,Electronics,Printers
B-25937,4848.52,-423.48,7,Furniture,Furnishings
B-31786,2693.21,1025.39,8,Electronics,Electronic Games
B-30455,2256.81,300.13,10,Clothing,T-Shirt
B-34128,3671.17,-561.01,3,Electronics,Electronic Games
B-30838,861.29,197.29,5,Clothing,Trousers
B-33973,604.46,-30.62,9,Clothing,Shirt
B-31473,4591.0,-695.3,4,Clothing,Saree
B-31966,2154.56,707.8,4,Furniture,Furnishings
B-33424,3233.31,-65.06,5,Electronics,Printers
B-31696,1667.2,-59.74,7,Clothing,Skirt
B-28103,545.83,-53.1,3,Clothing,Shirt
B-25739,4393.01,793.31,10,Electronics,Phones
B-34353,845.86,95.62,9,Electronics,Phones
B-29873,2042.71,803.5,2,Clothing,Trousers
B-32408,64.77,9.07,9,Electronics,Printers
B-31660,4450.27,-964.14,5,Electronics,Electronic Games
B-26980,4569.37,461.66,9,Clothing,Trousers
B-30982,2043.04,-442.5,9,Electronics,Phones
B-29409,705.63,199.81,10,Furniture,Bookcases
B-30477,4171.2,311.18,7,Clothing,Saree
B-27478,4902.27,-621.7,7,Furniture,Furnishings
B-32946,1574.24,-213.57,2,Electronics,Accessories
B-29771,350.2,-88.63,3,Electronics,Printers
B-34004,1607.8,-414.69,10,Furniture,Furnishings
B-31754,4211.15,899.84,8,Clothing,T-Shirt
B-27677,3305.17,-193.62,8,Electronics,Printers
B-32214,2493.9,608.58,8,Electronics,Phones
B-30861,68.47,-6.01,9,Clothing,Shirt
B-29319,2072.41,405.48,2,Electronics,Accessories
B-30323,434.95,123.41,5,Clothing,Shirt
B-29570,2373.5,683.18,7,Furniture,Furnishings
B-28027,2829.75,356.17,7,Electronics,Phones
B-35270,3112.51,-753.1,5,Clothing,Leggings
B-29036,1731.76,458.05,5,Furniture,Bookcases
B-30528,106.51,-5.11,7,Electronics,Electronic Games
B-33969,1546.87,-42.68,7,Electronics,Phones
B-33058,3707.13,-654.34,6,Furniture,Tables
B-27778,263.89,-49.14,9,Clothing,Kurti
B-27054,4693.61,97.45,9,Electronics,Accessories
B-25855,436.85,138.91,4,Furniture,Tables
B-27409,42.85,12.36,6,Electronics,Printers
B-34929,819.84,-105.4,10,Electronics,Electronic Games
B-33328,1302.07,24.33,2,Furniture,Chairs
B-34983,1275.98,-22.14,8,Furniture,Furnishings
B-35244,2161.15,-364.11,5,Clothing,Stole
B-32162,2943.16,130.82,10,Furniture,Chairs
B-34372,2543.78,-553.46,6,Electronics,Accessories
B-35537,1027.02,-265.31,6,Clothing,Trousers
B-29755,3754.37,664.43,6,Furniture,Furnishings
B-33758,994.0,-43.98,4,Electronics,Printers
B-26641,345.57,-97.2,8,Clothing,Trousers
B-27538,2488.04,361.21,6,Clothing,Saree
B-32569,622.69,-41.99,7,Clothing,Skirt
B-33430,2300.96,386.09,1,Electronics,Phones
B-28325,3964.19,-512.71,8,Electronics,Electronic Games
B-33024,1396.73,-159.09,4,Furniture,Tables
B-25604,3964.92,245.38,6,Clothing,Hankerchief
B-29170,1848.07,33.45,8,Furniture,Chairs
B-28226,4727.47,-383.85,9,Furniture,Chairs
B-32165,1069.36,-241.81,6,Electronics,Printers
B-26338,3202.77,72.18,9,Clothing,Shirt
B-33970,2463.64,720.34,2,Furniture,Bookcases
B-34046,3027.55,-392.49,9,Furniture,Chairs
B-26277,2449.91,-273.76,6,Clothing,Trousers
B-32574,2717.91,-577.84,1,Clothing,Stole
B-30575,2998.78,435.71,2,Furniture,Furnishings
B-31405,1472.38,-105.45,1,Electronics,Electronic Games
B-34421,3916.36,-1000.46,8,Clothing,Saree
B-28867,1294.25,101.57,3,Clothing,Shirt
B-26025,40.22,6.42,8,Clothing,Hankerchief
B-34202,3892.14,-872.9,2,Furniture,Chairs
B-29088,426.66,142.37,7,Furniture,Chairs
B-28226,2994.34,817.19,1,Electronics,Phones
B-32179,2572.93,-542.07,7,Furniture,Tables
B-32088,1495.29,198.68,3,Electronics,Accessories
B-33657,2089.35,696.58,7,Clothing,Shirt
B-28220,4103.19,708.48,9,Electronics,Printers
B-25805,1565.12,-188.0,1,Clothing,Hankerchief
B-29665,2914.18,-110.64,6,Electronics,Printers
B-30740,3964.55,1041.02,7,Furniture,Tables
B-25635,4063.52,-635.81,1,Electronics,Electronic Games
B-32975,755.83,-212.89,8,Clothing,Saree
B-33309,3077.47,1092.87,8,Electronics,Electronic Games
B-31226,1508.7,38.16,4,Electronics,Accessories
B-35168,3836.51,725.23,6,Clothing,Stole
B-26607,4678.14,1651.4,9,Electronics,Accessories
B-34591,4596.28,447.81,5,Furniture,Bookcases
B-26374,3446.72,-788.12,10,Furniture,Furnishings
B-27704,4391.69,-974.13,4,Furniture,Furnishings
B-25992,3931.19,1206.54,9,Electronics,Electronic Games
B-27367,1975.61,-489.93,9,Clothing,Hankerchief
B-26047,3450.73,-336.9,5,Clothing,Skirt
B-26626,63.0,-13.5,2,Clothing,Kurti
B-27617,1506.99,301.82,4,Electronics,Phones
B-31459,2540.57,955.18,4,Clothing,T-Shirt
B-34446,4583.04,1638.3,2,Clothing,Stole
B-33552,4570.4,55.06,10,Electronics,Accessories
B-25846,522.87,117.02,8,Electronics,Accessories
B-29221,1867.45,165.3,6,Clothing,Leggings
B-35405,3535.51,607.9,5,Furniture,Furnishings
B-27195,586.51,-72.69,8,Clothing,T-Shirt
B-27811,50.94,5.43,10,Clothing,Saree
B-28289,944.13,223.89,8,Furniture,Bookcases
B-34145,3468.68,-56.33,10,Clothing,Saree
B-30600,1755.4,175.36,3,Furniture,Bookcases
B-27282,1642.11,125.69,8,Clothing,T-Shirt
B-26989,1592.88,510.39,3,Electronics,Phones
B-26396,506.74,-119.74,8,Furniture,Tables
B-28404,4767.0,-256.86,7,Electronics,Phones
B-27558,3643.4,-627.04,9,Furniture,Bookcases
B-31494,4900.13,70.77,2,Clothing,T-Shirt
B-32504,4702.17,-604.14,2,Clothing,Kurti
B-27869,530.68,-13.32,3,Furniture,Chairs
B-34789,197.09,-51.53,10,Electronics,Printers
B-33131,2695.85,235.62,4,Furniture,Chairs
B-35303,1305.06,-169.31,9,Electronics,Printers
B-28858,1325.71,-50.88,4,Furniture,Tables
B-29884,3182.32,-643.54,2,Clothing,Stole
B-25740,1831.71,146.69,9,Electronics,Accessories
B-34035,3597.55,1396.6,4,Furniture,Tables
B-26846,3978.38,68.65,5,Furniture,Bookcases
B-34680,3183.74,155.85,6,Furniture,Tables
B-25902,1483.99,-126.93,6,Furniture,Tables
B-27753,281.77,-52.21,8,Furniture,Bookcases
B-30592,1332.14,-331.9,2,Electronics,Electronic Games
B-27460,2773.41,262.41,6,Electronics,Electronic Games
B-30408,1362.77,228.01,6,Electronics,Accessories
B-31935,3629.64,-465.06,1,Furniture,Tables
B-31868,4621.99,777.57,4,Furniture,Chairs
B-35487,4648.23,-1388.16,5,Electronics,Electronic Games
B-29335,1625.09,297.2,9,Clothing,Hankerchief
B-31728,2067.16,-355.2,3,Clothing,Saree
B-27612,3371.64,157.53,10,Clothing,T-Shirt
B-26156,1649.17,-111.33,3,Clothing,Trousers
B-28770,4546.67,-915.08,8,Furniture,Chairs
B-32023,1470.49,-312.71,8,Clothing,Leggings
B-30464,784.85,18.26,5,Clothing,Kurti
B-27383,3544.73,-370.4,1,Electronics,Electronic Games
B-35441,227.11,39.97,4,Electronics,Phones
B-30945,1127.01,-130.48,2,Electronics,Phones
B-29968,2198.71,542.14,4,Furniture,Chairs
B-30380,3305.17,-553.3,2,Electronics,Accessories
B-29400,3619.63,-282.31,8,Furniture,Tables
B-28862,609.25,48.94,3,Electronics,Accessories
B-33822,3420.6,-463.68,4,Clothing,Shirt
B-32389,1973.41,193.73,10,Furniture,Chairs
B-35356,2953.57,572.59,4,Electronics,Accessories
B-30523,302.53,-14.17,1,Furniture,Furnishings
B-26278,527.58,-68.21,1,Clothing,Trousers
B-26954,2763.54,-288.88,7,Electronics,Phones
B-30750,2983.9,-738.73,4,Electronics,Printers
B-31709,605.56,193.85,3,Furniture,Bookcases
B-33027,969.97,385.57,9,Clothing,Shirt
B-29063,1381.83,331.38,5,Furniture,Furnishings
B-28178,159.05,18.12,5,Clothing,Trousers
B-34372,2288.81,-343.21,1,Furniture,Chairs
B-26833,3155.65,-341.13,4,Furniture,Tables
B-25622,3910.52,1365.15,9,Electronics,Electronic Games
B-35352,1564.9,-377.23,1,Furniture,Furnishings
B-31284,1694.73,-63.21,4,Furniture,Furnishings
B-33862,1884.55,-413.46,3,Electronics,Electronic Games
B-34658,2383.69,609.57,6,Furniture,Tables
B-35402,4850.5,531.39,4,Electronics,Electronic Games
B-33060,1396.68,32.11,9,Clothing,Skirt
B-28049,1380.09,-184.0,8,Electronics,Phones
B-34834,3064.54,-533.55,5,Furniture,Chairs
B-30768,1331.86,-355.08,7,Electronics,Printers
B-27086,2093.52,633.3,7,Electronics,Phones
B-26625,1003.29,351.75,5,Electronics,Accessories
B-31057,1829.78,641.98,9,Electronics,Electronic Games
B-29947,174.21,-16.8,2,Clothing,Leggings
B-32292,656.71,30.65,7,Electronics,Electronic Games
B-30820,2420.38,186.94,1,Clothing,Saree
B-29155,1980.6,-462.82,4,Electronics,Electronic Games
B-31141,4389.39,-1080.53,5,Clothing,Trousers
B-34541,359.2,47.21,5,Furniture,Chairs
B-28085,1568.76,-283.76,7,Clothing,Leggings
B-28637,4288.91,-482.09,10,Clothing,T-Shirt
B-33968,4859.33,-755.7,2,Electronics,Electronic Games
B-30725,3874.31,1292.33,7,Furniture,Bookcases
B-28963,1558.76,619.72,7,Furniture,Furnishings
B-26665,294.01,105.38,2,Furniture,Chairs
B-29846,313.19,123.62,2,Clothing,Kurti
B-26424,2125.3,774.43,10,Clothing,Shirt
B-28217,3027.26,-867.1,10,Furniture,Chairs
B-28343,4393.51,-1144.95,8,Furniture,Bookcases
B-34156,4372.84,-635.6,5,Clothing,Skirt
B-32851,544.59,66.02,8,Electronics,Phones
B-30002,4107.82,580.93,2,Furniture,Tables
B-33136,1315.54,-166.38,9,Electronics,Phones
B-29943,673.14,37.12,4,Electronics,Printers
B-29319,3634.99,1006.19,9,Electronics,Electronic Games
B-33194,3104.19,181.36,4,Electronics,Phones
B-35397,1008.81,-142.02,4,Clothing,Skirt
B-34989,1218.09,400.09,1,Electronics,Accessories
B-31719,1308.25,-125.05,3,Furniture,Chairs
B-34537,1816.08,-429.83,1,Furniture,Furnishings
B-26051,3808.58,946.62,3,Clothing,Trousers
B-34337,3219.41,-66.92,6,Furniture,Bookcases
B-25880,112.8,-16.8,2,Electronics,Printers
B-26467,3128.82,-483.01,3,Electronics,Printers
B-32955,1319.91,377.94,1,Furniture,Chairs
B-34045,2722.98,-815.04,7,Furniture,Furnishings
B-34836,4024.29,604.03,2,Electronics,Phones
B-32706,2100.94,-9.29,5,Furniture,Bookcases
B-33352,282.83,99.76,10,Clothing,Hankerchief
B-32029,3577.41,976.8,4,Electronics,Electronic Games
B-34921,1467.53,-76.41,4,Furniture,Bookcases
B-28218,3507.98,296.81,3,Clothing,Stole
B-32867,2277.84,-354.85,7,Clothing,Saree
B-29737,3776.36,185.05,6,Furniture,Bookcases
B-27911,1023.01,295.58,10,Clothing,Skirt
B-33427,4447.19,37.9,2,Clothing,Shirt
B-26154,3808.06,666.76,3,Electronics,Accessories
B-31588,1022.79,297.31,1,Clothing,Trousers
B-31876,150.48,19.35,2,Furniture,Tables
B-29936,2356.62,-468.08,2,Electronics,Accessories
B-29877,3986.23,96.73,1,Clothing,Skirt
B-30267,479.51,117.03,10,Clothing,Hankerchief
B-28822,2567.65,-669.37,6,Clothing,Skirt
B-28409,1734.91,-73.24,2,Electronics,Printers
B-32185,4992.4,471.21,10,Furniture,Bookcases
B-32354,1731.22,646.97,9,Clothing,Trousers
B-27100,2363.7,74.61,7,Clothing,Shirt
B-29466,2147.69,842.42,2,Electronics,Phones
B-28369,3045.02,-76.15,2,Electronics,Accessories
B-31877,3558.23,32.93,7,Clothing,Trousers
B-35112,3802.16,-817.94,4,Clothing,Saree
B-33383,3243.73,463.16,5,Furniture,Furnishings
B-27701,1401.95,-228.75,3,Clothing,Leggings
B-26746,1748.17,-220.07,3,Clothing,Leggings
B-27045,4846.84,1034.66,4,Electronics,Accessories
B-28556,2218.01,689.83,8,Electronics,Printers
B-35121,228.03,81.69,8,Furniture,Furnishings
B-27082,3032.72,-187.79,9,Furniture,Furnishings
B-31903,3940.9,-1155.85,4,Electronics,Electronic Games
B-30119,277.8,31.71,9,Clothing,Hankerchief
B-29735,3080.91,734.72,7,Clothing,Hankerchief
B-34292,2938.07,-780.96,4,Furniture,Chairs
B-33057,1742.29,-263.37,8,Furniture,Chairs
B-27296,3149.82,1151.14,1,Furniture,Chairs
B-34038,1401.76,492.58,9,Furniture,Tables
B-29800,4679.3,517.36,10,Clothing,Hankerchief
B-33801,2301.26,-23.7,4,Clothing,Kurti
B-33312,38.32,12.8,2,Furniture,Furnishings
B-30283,1587.88,-202.61,1,Clothing,Trousers
B-27101,219.75,79.03,4,Furniture,Bookcases
B-29873,168.49,-34.68,2,Furniture,Tables
B-27732,228.32,21.83,6,Clothing,Leggings
B-33972,837.42,-115.65,5,Furniture,Bookcases
B-28015,3050.1,543.51,5,Electronics,Phones
B-33830,4786.7,-1272.15,7,Clothing,Stole
B-26801,1767.57,-25.16,5,Electronics,Printers
B-33637,4592.07,-1089.5,8,Clothing,Trousers
B-28685,1910.72,192.4,3,Electronics,Electronic Games
B-28501,2882.39,453.82,1,Furniture,Chairs
B-34306,732.88,-187.74,7,Furniture,Furnishings
B-33677,1131.36,31.44,9,Electronics,Printers
B-27516,4562.16,-101.05,1,Clothing,Stole
B-33734,1821.46,-281.69,3,Clothing,Shirt
B-30514,3048.59,-708.24,3,Clothing,Kurti
B-28058,3409.48,1256.8,9,Electronics,Accessories
B-27225,921.31,246.07,2,Furniture,Bookcases
B-35559,4313.57,487.23,6,Furniture,Bookcases
B-35375,2268.81,729.2,6,Furniture,Bookcases
B-31866,562.02,72.09,1,Clothing,T-Shirt
B-33770,4332.66,-180.47,4,Electronics,Accessories
B-34258,2955.98,1178.84,6,Furniture,Furnishings
B-32987,4121.92,-428.45,9,Furniture,Bookcases
B-30688,1198.92,346.25,7,Electronics,Accessories
B-25841,573.01,209.25,10,Furniture,Chairs
B-28635,3372.55,428.49,4,Electronics,Printers
B-28399,3298.06,-242.07,4,Furniture,Tables
B-31122,2818.17,477.81,2,Clothing,Leggings
B-29118,4783.4,-112.37,10,Clothing,Stole
B-33789,4057.83,-163.86,6,Clothing,Leggings
B-34916,1590.15,38.91,10,Furniture,Bookcases
B-31337,1222.93,-243.86,8,Clothing,Skirt
B-35491,3331.1,-382.69,9,Electronics,Phones
B-35368,3729.14,62.22,9,Furniture,Tables
B-26376,629.18,150.39,10,Clothing,Kurti
B-27761,4914.94,306.7,7,Electronics,Printers
B-27028,3846.02,1403.87,8,Furniture,Tables
B-27301,32.43,0.75,7,Clothing,Saree
B-26332,32.12,-1.63,4,Furniture,Bookcases
B-26581,179.62,-29.08,2,Electronics,Accessories
B-34811,2444.08,-460.1,4,Electronics,Printers
B-28164,3491.03,-556.25,8,Furniture,Furnishings
B-32239,1960.63,-557.35,8,Furniture,Bookcases
B-34941,932.52,97.42,6,Furniture,Bookcases
B-29552,458.2,-26.92,7,Electronics,Phones
B-28015,1427.5,-22.53,2,Electronics,Accessories
B-27694,3198.11,628.58,8,Furniture,Chairs
B-32378,1383.95,536.73,3,Clothing,Skirt
B-30438,744.44,-18.29,1,Furniture,Chairs
B-28318,204.67,81.47,5,Electronics,Phones
B-33950,3606.63,-427.27,4,Furniture,Chairs
B-35406,1505.87,-199.51,8,Furniture,Furnishings
B-26265,2452.85,204.53,8,Electronics,Electronic Games
B-31362,4097.72,1500.36,10,Clothing,Leggings
B-34852,4174.11,974.4,4,Furniture,Tables
B-26288,3897.93,77.9,2,Clothing,Stole
B-31165,3450.13,-103.72,8,Furniture,Tables
B-35393,3862.91,532.48,10,Electronics,Accessories
B-33008,3785.53,778.2,8,Electronics,Printers
B-27052,2314.33,677.3,2,Clothing,Shirt
B-30065,1304.85,438.48,2,Furniture,Tables
B-31901,4297.4,1712.71,5,Furniture,Tables
B-33232,3002.66,-842.01,9,Clothing,Stole
B-31021,2384.48,657.21,5,Clothing,Trousers
B-27078,709.31,-101.92,9,Clothing,Shirt
B-26399,138.9,-34.77,4,Clothing,Stole
B-30660,3275.85,96.51,5,Furniture,Furnishings
B-31994,4022.49,501.28,8,Furniture,Bookcases
B-29818,1728.89,464.65,10,Furniture,Chairs
B-29856,1314.84,215.21,1,Clothing,Stole
B-34114,1202.19,136.26,5,Clothing,Saree
B-35430,2398.93,-261.06,3,Electronics,Phones
B-31022,4428.98,1109.39,10,Electronics,Accessories
B-29358,883.22,199.63,9,Furniture,Tables
B-28099,2721.2,94.92,4,Clothing,Shirt
B-28552,2460.39,487.23,6,Clothing,Skirt
B-32356,1511.87,-431.74,5,Furniture,Chairs
B-35309,4091.93,1311.34,2,Furniture,Furnishings
B-34735,3477.44,1140.05,2,Furniture,Tables
B-33163,968.83,-153.45,5,Clothing,Trousers
B-31032,518.04,-148.38,9,Electronics,Accessories
B-31059,2003.08,-178.19,4,Clothing,T-Shirt
B-32987,3320.63,-901.38,1,Electronics,Phones
B-35156,4684.62,-648.42,8,Electronics,Electronic Games
B-28827,1748.65,-405.64,4,Clothing,Trousers
B-35335,2152.61,-63.27,8,Furniture,Furnishings
B-33575,4287.26,-363.51,5,Electronics,Electronic Games
B-33348,3258.2,301.78,5,Furniture,Furnishings
B-28029,3314.59,555.5,10,Furniture,Tables
B-28384,653.96,77.01,1,Furniture,Chairs
B-29211,3010.76,621.2,9,Electronics,Phones
B-31641,4165.96,39.81,9,Electronics,Accessories
B-33915,4029.99,383.28,10,Furniture,Tables
B-25623,3336.89,-533.14,9,Furniture,Bookcases
B-34536,3303.54,830.12,7,Clothing,Trousers
B-32842,1866.89,268.17,8,Electronics,Electronic Games
B-29697,1876.13,10.9,2,Furniture,Tables
B-31735,3847.45,273.4,5,Clothing,Hankerchief
B-32155,400.8,-68.43,2,Furniture,Tables
B-28938,1274.42,-52.81,7,Clothing,Kurti
B-25805,398.63,28.26,5,Electronics,Electronic Games
B-33598,2154.0,-425.4,9,Electronics,Accessories
B-27495,4181.13,1606.05,9,Furniture,Bookcases
B-30112,3332.02,-304.68,2,Furniture,Tables
B-26329,2553.96,-30.55,9,Furniture,Bookcases
B-31146,3205.2,618.89,2,Clothing,Trousers
B-31919,2403.7,861.13,4,Electronics,Printers
B-25870,4893.32,571.0,4,Electronics,Electronic Games
B-32004,4840.37,1311.34,5,Furniture,Chairs
B-30742,4832.59,647.81,9,Clothing,T-Shirt
B-28222,4921.94,1283.25,4,Clothing,Skirt
B-29386,2769.29,311.93,3,Electronics,Phones
B-27714,1768.19,-145.44,2,Furniture,Bookcases
B-35359,517.13,173.17,9,Clothing,Leggings
B-34242,1383.82,-55.4,9,Clothing,Skirt
B-31500,4498.91,230.35,7,Electronics,Electronic Games
B-30307,3403.71,-853.66,9,Furniture,Bookcases
B-34642,2833.36,404.49,6,Electronics,Printers
B-35284,454.09,29.77,7,Electronics,Phones
B-27367,1909.25,-195.47,10,Electronics,Electronic Games
B-34471,258.3,101.73,7,Clothing,Shirt
B-35361,160.84,57.67,2,Electronics,Phones
B-34826,38.94,2.97,2,Electronics,Printers
B-31600,573.89,176.31,1,Furniture,Tables
B-29824,4712.62,-1252.49,10,Furniture,Chairs
B-34121,2532.11,201.71,9,Furniture,Chairs
B-29112,1453.73,272.83,4,Electronics,Accessories
B-26732,3799.45,1192.8,1,Furniture,Furnishings
B-30384,1556.2,-422.02,3,Clothing,Saree
B-34608,1323.9,-32.82,4,Electronics,Printers
B-34783,2986.97,37.9,5,Electronics,Electronic Games
B-26661,212.3,72.88,3,Furniture,Chairs
B-30929,792.19,309.0,6,Clothing,T-Shirt
B-27991,2982.93,-676.65,3,Electronics,Phones
B-32615,781.97,-191.28,1,Furniture,Bookcases
B-34822,3808.05,556.81,3,Furniture,Bookcases
B-30714,3942.68,-695.83,6,Clothing,Saree
B-30312,521.71,-92.9,6,Furniture,Chairs
B-33698,1842.67,491.21,8,Furniture,Chairs
B-26080,2027.6,115.34,5,Clothing,Saree
B-33209,3131.52,346.45,7,Electronics,Accessories
B-30279,2175.47,703.31,3,Furniture,Furnishings
B-27231,1198.26,-293.86,4,Electronics,Printers
B-26441,2160.49,672.64,4,Electronics,Electronic Games
B-30918,3500.51,684.44,10,Clothing,Shirt
B-33024,1687.42,645.34,6,Furniture,Furnishings
B-32788,3117.01,-548.19,9,Clothing,Skirt
B-33135,3264.26,290.87,1,Clothing,Saree
B-34614,4392.05,430.71,2,Clothing,Kurti
B-34697,3939.47,262.46,1,Clothing,Shirt
B-29803,4524.15,1446.52,10,Clothing,Hankerchief
B-30558,812.42,-183.16,10,Clothing,Leggings
B-32532,2790.59,806.29,2,Electronics,Accessories
B-35522,2578.11,598.12,10,Furniture,Bookcases
B-28221,2909.25,-642.53,6,Electronics,Printers
B-26992,2646.55,-153.66,2,Clothing,Hankerchief
B-32251,2939.24,-778.03,3,Furniture,Tables
B-35279,3121.09,188.32,8,Electronics,Accessories
B-31915,1140.86,-60.19,5,Electronics,Phones
B-28262,2394.83,832.61,5,Clothing,Trousers
B-28468,1676.9,-113.9,9,Furniture,Chairs
B-27731,1602.19,535.36,6,Clothing,Kurti
B-28890,755.56,194.31,8,Furniture,Bookcases
B-32923,2731.67,625.62,7,Furniture,Bookcases
B-34971,3875.39,-769.21,8,Furniture,Tables
B-35086,3046.15,-307.29,7,Furniture,Furnishings
B-29716,788.05,287.44,1,Furniture,Tables
B-30326,1023.47,-92.91,4,Furniture,Chairs
B-26969,1147.84,-158.48,6,Electronics,Accessories
B-26351,1863.48,641.74,7,Furniture,Tables
B-28372,3262.14,293.03,4,Electronics,Printers
B-33373,104.94,16.3,5,Furniture,Bookcases
B-27751,1154.57,259.4,6,Clothing,Leggings
B-28190,1392.36,58.88,3,Clothing,Trousers
B-29482,4563.65,-316.77,1,Electronics,Accessories
B-34190,4838.74,394.84,9,Furniture,Furnishings
B-26000,2447.32,675.48,2,Furniture,Furnishings
B-27530,4838.34,109.62,4,Clothing,Saree
B-29453,4746.83,1295.61,8,Clothing,Skirt
B-30825,32.34,11.55,7,Furniture,Bookcases
B-34547,3870.47,-47.13,4,Clothing,Saree
B-26253,518.24,-22.17,1,Furniture,Bookcases
B-29427,2235.35,755.82,9,Clothing,Leggings
B-26309,4790.7,-248.63,2,Clothing,Stole
B-32460,3702.27,-479.44,8,Electronics,Accessories
B-27338,3849.06,531.26,6,Electronics,Electronic Games
B-32127,1921.31,454.01,2,Electronics,Printers
B-31399,4372.21,-1150.04,1,Electronics,Printers
B-33855,1324.46,-23.93,2,Clothing,Shirt
B-28868,1497.0,-81.87,4,Electronics,Phones
B-32909,2746.96,-579.04,8,Furniture,Bookcases
B-29070,3720.95,-714.32,9,Furniture,Furnishings
B-35052,4039.07,628.76,2,Clothing,Stole
B-27017,2553.86,-721.89,1,Electronics,Accessories
B-29653,3704.68,-307.74,2,Clothing,Kurti
B-27388,4086.07,1071.68,3,Furniture,Tables
B-31192,685.73,-72.13,9,Electronics,Printers
B-25843,1070.12,270.47,4,Electronics,Electronic Games
B-34446,2109.87,571.17,7,Furniture,Furnishings
B-35016,1042.11,-88.88,7,Furniture,Chairs
B-28680,2021.28,-382.63,6,Furniture,Tables
B-32846,1610.4,433.28,10,Furniture,Furnishings
B-33648,3551.15,133.29,7,Furniture,Tables
B-27592,1606.43,405.98,3,Furniture,Bookcases
B-32624,4569.55,-1313.63,3,Furniture,Tables
B-26165,3313.61,-485.34,7,Furniture,Chairs
B-28881,2891.93,529.0,1,Furniture,Chairs
B-26323,236.08,71.77,1,Furniture,Bookcases
B-27343,3196.33,256.04,4,Furniture,Bookcases
B-33226,2518.11,880.25,2,Clothing,Saree
B-28859,4911.97,-103.16,8,Clothing,Kurti
B-33407,123.07,-17.04,1,Clothing,Skirt
B-27946,4961.31,-240.1,2,Clothing,Saree
B-32758,3621.68,-337.96,3,Clothing,Kurti
B-34534,1460.56,108.26,9,Electronics,Electronic Games
B-33777,4408.24,-679.46,6,Furniture,Bookcases
B-30572,1645.03,-473.24,3,Electronics,Phones
B-30465,1250.12,82.66,7,Clothing,Kurti
B-30150,1387.99,51.98,6,Electronics,Phones
B-35588,4215.15,1035.39,2,Furniture,Bookcases
B-30772,3171.85,-621.68,3,Clothing,Stole
B-26508,1487.37,516.96,2,Furniture,Chairs
B-27373,3686.75,-1064.42,6,Furniture,Bookcases
B-33031,1231.16,235.48,2,Electronics,Accessories
B-31238,4333.86,389.98,7,Electronics,Accessories
B-30356,3067.87,-581.14,7,Clothing,Leggings
B-29403,4457.18,1262.62,5,Electronics,Printers
B-25715,4540.31,1280.86,9,Electronics,Printers
B-28464,3034.67,-604.3,9,Clothing,Stole
B-26619,2317.12,652.03,3,Furniture,Furnishings
B-30245,4969.68,1041.35,10,Clothing,Trousers
B-33554,3936.73,-928.61,2,Furniture,Bookcases
B-30921,929.73,94.07,2,Furniture,Furnishings
B-30491,3785.64,966.34,2,Clothing,Stole
B-33720,3573.49,-485.68,7,Clothing,Hankerchief
B-31083,3716.97,1052.82,3,Furniture,Tables
B-33273,678.91,3.57,3,Electronics,Electronic Games
B-31396,171.97,-1.92,6,Electronics,Electronic Games
B-33358,1615.55,48.17,9,Furniture,Tables
B-28853,2477.35,202.9,5,Electronics,Electronic Games
B-34976,2764.61,334.53,9,Furniture,Bookcases
B-33108,1105.73,374.46,1,Electronics,Printers
B-27870,1416.95,-297.41,1,Clothing,Stole
B-33092,4579.76,986.79,10,Electronics,Phones
B-32275,2390.58,53.02,9,Furniture,Furnishings
B-29757,2298.49,-59.79,10,Electronics,Phones
B-31880,1889.56,637.15,5,Clothing,Kurti
B-26480,850.78,236.04,2,Clothing,Trousers
B-34441,4991.59,-260.01,2,Clothing,Kurti
B-33335,2873.26,50.75,9,Electronics,Printers
B-31351,882.56,-40.22,7,Electronics,Phones
B-27007,2567.39,-83.08,8,Furniture,Bookcases
B-31810,3256.08,171.45,6,Electronics,Printers
B-32207,3490.89,57.74,1,Electronics,Electronic Games
B-32368,2962.73,-610.69,7,Electronics,Phones
B-30222,3482.28,-26.24,5,Clothing,Hankerchief
B-35116,783.94,-207.49,2,Furniture,Bookcases
B-32126,395.28,84.94,5,Furniture,Chairs
B-26017,1425.72,544.09,9,Electronics,Accessories
B-30054,3618.42,-147.1,9,Furniture,Bookcases
B-32532,3270.41,625.43,5,Electronics,Printers
B-33129,2173.47,548.49,10,Furniture,Tables
B-31252,4072.91,1028.98,1,Electronics,Electronic Games
B-29103,2103.4,-3.56,4,Electronics,Electronic Games
B-26868,2485.93,163.92,6,Clothing,T-Shirt
B-27553,4888.84,-1254.08,2,Clothing,Skirt
B-30452,1070.27,-293.16,9,Electronics,Phones
B-27863,4580.69,-452.53,1,Clothing,Trousers
B-29279,4040.22,1347.3,6,Furniture,Furnishings
B-26397,3818.58,585.46,2,Electronics,Electronic Games
B-32311,2521.8,791.0,1,Electronics,Accessories
B-30383,2376.36,894.24,8,Furniture,Furnishings
B-27528,3514.21,1015.43,8,Clothing,Trousers
B-26496,4179.47,330.8,10,Clothing,Skirt
B-28069,2645.42,630.1,5,Electronics,Printers
B-33513,4023.61,-549.59,1,Clothing,Skirt
B-27331,609.81,-143.02,9,Furniture,Bookcases
B-35052,2108.05,-8.07,1,Furniture,Tables
B-32919,1300.98,339.03,9,Clothing,Stole
B-34971,2566.69,256.33,4,Electronics,Phones
B-31537,2573.81,257.34,6,Clothing,Skirt
B-31138,1265.29,408.16,10,Clothing,Trousers
B-28872,4356.39,-444.07,10,Electronics,Electronic Games
B-31845,2847.56,-780.28,4,Furniture,Chairs
B-28785,588.66,65.29,10,Electronics,Accessories
B-34641,4321.04,-776.09,2,Electronics,Electronic Games
B-26745,387.75,-87.86,4,Clothing,T-Shirt
B-28777,1861.25,-83.48,6,Furniture,Bookcases
B-29449,980.7,-52.22,10,Clothing,Saree
B-32153,1630.67,-353.44,10,Electronics,Electronic Games
B-30793,2273.96,-412.15,8,Clothing,Leggings
B-27590,2454.89,562.63,4,Clothing,Shirt
B-29473,3857.3,1345.45,7,Clothing,Kurti
B-33756,1755.28,-1.52,4,Electronics,Printers
B-32463,294.77,-19.09,6,Electronics,Accessories
B-33104,2528.88,37.11,1,Furniture,Tables
B-29899,2791.25,934.1,3,Electronics,Accessories
B-33090,155.96,-12.17,6,Furniture,Tables
B-25781,1197.31,368.23,2,Furniture,Tables
B-33349,2728.47,-111.3,7,Clothing,Skirt
B-26571,306.69,80.65,3,Clothing,Leggings
B-30340,2433.38,872.9,6,Electronics,Printers
B-30970,538.15,-77.05,3,Clothing,Leggings
B-28403,24.64,8.52,2,Electronics,Accessories
B-29957,2143.44,-95.47,2,Clothing,Shirt
B-25882,4611.58,1508.46,2,Electronics,Electronic Games
B-31551,4422.78,1159.85,5,Electronics,Accessories
B-28004,4676.09,-45.01,9,Furniture,Chairs
B-32759,4073.29,-911.1,5,Furniture,Bookcases
B-31426,3589.32,1106.52,7,Electronics,Electronic Games
B-33609,1601.5,458.42,6,Furniture,Bookcases
B-27549,1478.01,568.41,3,Clothing,Kurti
B-31716,1355.91,264.78,5,Clothing,Skirt
B-25961,2634.24,-592.73,9,Clothing,T-Shirt
B-35020,413.16,136.02,3,Electronics,Printers
B-34023,726.7,119.83,4,Furniture,Tables
B-28426,1290.82,311.86,2,Electronics,Printers
B-28996,4513.04,-823.44,7,Clothing,T-Shirt
B-30366,1684.67,263.14,4,Electronics,Phones
B-35539,978.74,207.6,3,Electronics,Printers
B-34806,3813.44,461.46,7,Furniture,Tables
B-30108,2232.11,-366.44,9,Furniture,Chairs
B-32978,1722.59,79.67,8,Clothing,Skirt
B-31228,2013.31,353.51,3,Electronics,Printers
B-26777,4645.88,1736.55,6,Clothing,Saree
B-33321,4178.53,-767.81,5,Furniture,Tables
B-28463,4183.49,-631.0,8,Clothing,Skirt
B-32166,1609.87,-137.0,9,Clothing,Saree
B-28050,3031.93,825.43,7,Furniture,Chairs
B-31967,1229.89,78.46,2,Electronics,Phones
B-29878,1418.9,-89.72,1,Furniture,Furnishings
B-33989,3544.97,430.4,3,Electronics,Phones
B-35091,995.78,271.92,10,Electronics,Accessories
B-34636,2617.98,-243.28,3,Furniture,Bookcases
B-27633,4570.99,357.94,1,Electronics,Electronic Games
B-31113,3096.69,657.59,8,Furniture,Chairs
B-26566,193.0,-19.25,1,Electronics,Phones
B-35225,3918.25,1460.82,4,Clothing,Kurti
B-32722,1824.26,605.15,9,Furniture,Chairs
B-31496,2253.17,-464.15,2,Furniture,Furnishings
B-33117,4511.64,-66.54,7,Furniture,Chairs
B-28021,481.0,-65.85,4,Furniture,Furnishings
B-34482,2932.15,-279.56,7,Furniture,Furnishings
B-28297,4545.36,1680.02,4,Electronics,Phones
B-31706,112.85,-5.65,4,Clothing,Shirt
B-27336,2322.76,776.11,4,Clothing,Skirt
B-26496,2295.42,-555.74,10,Electronics,Printers
B-31783,4906.33,956.82,5,Electronics,Printers
B-28234,864.47,178.24,2,Furniture,Furnishings
B-32729,2383.73,-262.88,2,Furniture,Tables
B-25792,1683.7,29.36,5,Electronics,Phones
B-25748,993.43,-183.24,10,Clothing,Saree
B-28333,2687.56,324.53,1,Electronics,Phones
B-27395,909.31,111.87,7,Clothing,Kurti
B-34871,3178.03,393.33,9,Furniture,Bookcases
B-30267,2720.6,139.87,2,Clothing,Kurti
B-33072,3665.04,266.76,10,Electronics,Accessories
B-34958,1594.81,-410.68,5,Electronics,Phones
B-26521,1621.08,-284.5,4,Electronics,Accessories
B-31404,2772.75,590.14,7,Clothing,Hankerchief
B-28009,156.13,1.85,9,Clothing,Shirt
B-32348,1397.08,34.41,4,Furniture,Bookcases
B-35376,1204.87,-158.12,4,Clothing,Skirt
B-28557,1313.34,164.8,2,Furniture,Furnishings
B-28448,3317.46,-291.23,3,Clothing,Trousers
B-28462,2586.61,415.85,8,Clothing,Leggings
B-31036,2553.21,-580.18,10,Clothing,T-Shirt
B-33416,859.25,110.3,8,Electronics,Printers
B-29766,1991.02,96.64,4,Clothing,T-Shirt
B-32548,2913.48,-830.7,7,Clothing,Shirt
B-26268,3525.62,-933.75,3,Furniture,Tables
B-26685,510.04,199.72,7,Clothing,Leggings
B-31058,2481.24,170.12,6,Electronics,Accessories
B-35201,781.27,40.08,7,Electronics,Electronic Games
B-27806,2291.76,170.94,10,Furniture,Bookcases
B-33830,4419.88,1361.07,6,Electronics,Phones
B-33633,1739.92,374.7,3,Furniture,Tables
B-30679,4669.26,393.57,4,Furniture,Tables
B-29030,3059.63,1119.01,3,Electronics,Phones
B-27594,4987.46,1064.82,6,Furniture,Tables
B-26236,3555.1,788.74,8,Electronics,Electronic Games
B-34515,3313.43,-592.95,4,Furniture,Chairs
B-28877,2656.66,-777.64,8,Electronics,Printers
B-28039,1932.96,-237.11,3,Electronics,Phones
B-28788,3122.76,122.51,4,Furniture,Furnishings
B-28439,2353.0,454.28,4,Electronics,Phones
B-31362,480.08,10.46,7,Clothing,Saree
B-30771,3567.15,1376.12,5,Electronics,Electronic Games
B-34933,3430.84,650.84,8,Clothing,Kurti
B-31964,3062.36,-146.32,2,Clothing,Hankerchief
B-28734,1312.36,-363.8,9,Electronics,Electronic Games
B-26475,1037.8,-252.92,7,Electronics,Phones
B-34279,2700.01,603.81,3,Furniture,Furnishings
B-26910,2041.08,539.77,10,Clothing,Saree
B-32539,3700.79,130.88,6,Clothing,Saree
B-28546,3053.83,-231.22,7,Clothing,Kurti
B-34607,4236.16,-215.13,1,Electronics,Phones
B-26034,2153.89,762.76,1,Furniture,Bookcases
B-27339,3702.46,296.87,2,Electronics,Printers
B-29417,1342.8,-300.8,9,Furniture,Tables
B-26743,1034.48,-296.29,9,Electronics,Phones
B-34517,2961.66,636.81,9,Clothing,Stole
B-30335,2348.01,519.12,3,Electronics,Printers
B-25899,3150.86,-77.76,2,Furniture,Chairs
B-31250,462.15,-125.23,2,Clothing,Hankerchief
B-25643,4291.97,320.08,7,Clothing,T-Shirt
B-29907,1627.35,-153.32,7,Clothing,Trousers
B-31241,4332.42,-646.49,4,Clothing,Leggings
B-27852,3286.36,-825.22,2,Clothing,T-Shirt
B-35470,540.49,13.69,2,Furniture,Furnishings
B-30212,4703.11,1524.15,2,Electronics,Accessories
B-30842,2101.57,452.95,7,Clothing,Trousers
B-25686,3427.65,-148.84,10,Furniture,Chairs
B-29370,4880.43,-534.04,2,Clothing,Stole
B-32644,2212.06,-610.59,3,Electronics,Phones
B-26512,4316.45,959.45,7,Clothing,Skirt
B-33646,136.92,-17.93,8,Clothing,Kurti
B-27544,2520.88,234.59,8,Clothing,Shirt
B-25846,3355.75,-856.12,10,Electronics,Electronic Games
B-30485,1922.87,145.41,8,Clothing,Shirt
B-34054,1839.78,278.65,5,Electronics,Phones
B-28836,891.61,-175.59,1,Clothing,Trousers
B-27206,3454.05,964.03,7,Furniture,Bookcases
B-29960,4272.96,-1022.21,7,Electronics,Electronic Games
B-32706,477.17,159.29,7,Furniture,Tables
B-25678,4129.55,-1061.39,8,Electronics,Electronic Games
B-32616,1242.77,477.27,10,Furniture,Tables
B-27788,3672.62,1161.64,2,Furniture,Bookcases
B-35030,3438.19,243.82,8,Clothing,Kurti
B-30437,4244.57,352.18,1,Clothing,T-Shirt
B-27276,1684.55,-348.79,8,Electronics,Printers
B-34892,4260.91,700.6,4,Electronics,Printers
B-33496,2783.69,210.14,10,Electronics,Electronic Games
B-31832,120.49,14.02,4,Furniture,Bookcases
B-30916,2691.58,-428.62,5,Clothing,Kurti
B-29144,4226.32,1107.31,2,Furniture,Bookcases
B-29527,1897.41,-409.44,4,Furniture,Bookcases
B-30248,1155.35,441.2,10,Electronics,Printers
B-31136,2707.2,-428.49,4,Electronics,Accessories
B-32604,4107.48,-812.14,5,Clothing,Stole
B-30492,4447.76,347.47,5,Furniture,Bookcases
B-26376,439.31,120.47,3,Clothing,Skirt
B-27322,3968.5,-297.78,8,Electronics,Phones
B-30547,2380.72,-644.79,8,Clothing,Saree
B-34122,1658.45,290.21,6,Clothing,T-Shirt
B-32504,4921.2,452.08,8,Furniture,Bookcases
B-26742,237.94,-41.89,10,Furniture,Tables
B-27984,3842.0,290.29,2,Furniture,Chairs
B-32362,1599.43,156.78,9,Clothing,Stole
B-30535,4103.52,-712.55,2,Furniture,Chairs
B-35189,3314.9,-177.64,8,Furniture,Tables
B-28138,24.53,-4.95,2,Furniture,Tables
B-35007,798.52,-57.53,7,Clothing,Trousers
B-31192,2208.92,555.06,3,Electronics,Electronic Games
B-32505,4160.69,373.8,3,Furniture,Bookcases
B-33859,2272.78,-674.27,2,Clothing,Kurti
B-34501,373.03,8.86,6,Electronics,Electronic Games
B-33396,4181.5,-566.61,6,Electronics,Printers
B-35259,2509.43,-155.2,9,Electronics,Phones
B-34836,4301.21,435.14,8,Electronics,Electronic Games
B-35313,2491.03,792.17,4,Furniture,Bookcases
B-25735,4395.75,436.47,10,Electronics,Phones
B-32166,3361.02,36.97,2,Electronics,Electronic Games
B-26234,1970.7,-531.78,2,Clothing,Skirt
B-27807,4491.9,751.29,5,Electronics,Printers
B-31901,4333.83,1525.75,4,Electronics,Printers
B-34238,3630.32,-517.23,3,Clothing,Kurti
B-32849,3182.97,886.31,2,Electronics,Phones
B-27197,3048.78,-124.07,5,Clothing,Kurti
B-34227,2715.36,880.74,8,Clothing,Shirt
B-27601,2874.22,133.95,4,Clothing,Kurti
B-34001,3668.38,-711.71,3,Electronics,Printers
B-35483,244.47,-12.04,5,Clothing,Stole
B-30199,1282.14,-300.05,1,Electronics,Accessories
B-29274,2490.12,835.44,1,Clothing,T-Shirt
B-35065,3493.49,-954.95,4,Clothing,Stole
B-33824,1952.83,-60.7,9,Clothing,Stole
B-29453,447.08,125.19,7,Clothing,T-Shirt
B-33131,53.77,14.86,10,Furniture,Bookcases
B-33737,4110.03,371.23,10,Clothing,Shirt
B-32991,4757.98,-136.36,5,Clothing,Trousers
B-29458,2500.32,976.76,3,Furniture,Furnishings
B-30137,3886.62,1271.83,6,Electronics,Printers
B-34678,2094.96,387.2,1,Furniture,Furnishings
B-30384,3238.56,-753.9,10,Electronics,Phones
B-34539,2414.81,782.4,5,Electronics,Accessories
B-33905,2321.93,413.51,3,Clothing,Hankerchief
B-27564,1028.46,-40.33,5,Clothing,Hankerchief
B-33256,3473.15,762.82,8,Electronics,Electronic Games
B-29843,2489.97,404.51,5,Clothing,Leggings
B-35310,33.94,-4.94,6,Clothing,Hankerchief
B-33899,235.79,38.14,9,Furniture,Bookcases
B-35541,1756.35,278.1,8,Electronics,Accessories
B-26627,4283.96,-517.56,9,Clothing,Saree
B-32108,2928.4,729.16,6,Furniture,Bookcases
B-27908,4209.05,1195.88,2,Electronics,Accessories
B-27364,1787.29,713.34,5,Electronics,Electronic Games
B-31299,2111.99,314.96,7,Electronics,Accessories
B-33549,123.77,37.61,2,Clothing,Kurti
B-28210,3244.79,-529.42,10,Clothing,Leggings
B-32633,1447.12,397.84,9,Furniture,Chairs
B-25604,3873.42,373.58,4,Electronics,Electronic Games
B-33175,3145.59,1190.24,7,Electronics,Accessories
B-34372,3647.6,-526.53,6,Furniture,Furnishings
B-29965,1642.79,119.09,5,Electronics,Accessories
B-28688,3369.53,139.91,6,Electronics,Printers
B-34183,1238.25,-3.27,3,Electronics,Accessories
B-31765,3433.22,568.32,2,Electronics,Electronic Games
B-31663,3535.91,648.96,1,Furniture,Tables
B-28204,4797.76,899.86,10,Electronics,Phones
B-34724,370.54,-110.04,6,Clothing,Trousers
B-27374,4072.13,-981.51,8,Furniture,Furnishings
B-31462,2847.61,-184.41,4,Furniture,Bookcases
B-30018,1509.88,108.84,8,Clothing,Trousers
B-32334,222.76,17.75,9,Electronics,Phones
B-32928,3810.61,-248.52,5,Furniture,Bookcases
B-32761,2272.35,521.22,4,Furniture,Chairs
B-33897,1928.34,677.79,9,Electronics,Electronic Games
B-28711,3665.38,1224.82,2,Furniture,Chairs
B-30070,794.82,203.39,6,Furniture,Tables
B-29920,3619.79,-310.96,6,Furniture,Tables
B-27682,1308.11,193.68,9,Clothing,Trousers
B-26091,3360.76,1185.8,4,Electronics,Phones
B-28992,4663.82,-634.64,5,Electronics,Accessories
B-31992,4309.17,669.65,10,Electronics,Electronic Games
B-29146,909.97,131.32,8,Furniture,Bookcases
B-34792,2873.56,-42.18,10,Furniture,Tables
B-28299,2591.58,-664.11,2,Clothing,Skirt
B-35432,3590.58,-758.05,8,Electronics,Phones
B-32219,1648.65,195.84,4,Electronics,Printers
B-30653,3634.57,-279.27,8,Clothing,Saree
B-28967,1740.15,-478.9,1,Clothing,Hankerchief
B-33080,96.45,-12.8,5,Clothing,Shirt
B-26252,3461.23,1362.98,6,Electronics,Accessories
B-35579,2269.15,328.19,7,Clothing,Stole
B-34753,2662.95,-464.07,1,Clothing,Stole
B-32230,3941.39,1479.93,4,Furniture,Furnishings
B-29782,4553.83,1149.86,2,Furniture,Tables
B-34301,4020.7,-967.4,9,Electronics,Phones
B-29063,2819.95,-7.33,10,Clothing,Stole
B-30724,4419.18,-64.35,5,Clothing,Kurti
B-35447,1015.52,-151.19,4,Clothing,Saree
B-28915,567.06,-94.85,3,Furniture,Chairs
B-35097,4250.57,45.93,9,Electronics,Printers
B-31456,112.87,18.01,4,Furniture,Furnishings
B-35465,4226.08,-1214.39,8,Electronics,Accessories
B-34255,4866.51,-362.86,10,Electronics,Printers
B-32938,4313.98,1618.08,9,Electronics,Accessories
B-28597,1662.95,58.09,7,Electronics,Accessories
B-30511,2805.05,-584.66,9,Clothing,Hankerchief
B-30712,4285.03,-236.94,7,Electronics,Phones
B-28963,3981.89,1499.05,9,Clothing,Shirt
B-28341,1889.87,-477.42,7,Clothing,Kurti
B-31128,3115.39,567.4,3,Furniture,Chairs
B-26139,4435.43,-523.68,6,Electronics,Accessories
B-35128,4558.44,-515.12,6,Clothing,Leggings
B-26890,3772.07,-766.24,1,Electronics,Printers
B-30934,3484.96,-140.67,1,Electronics,Printers
B-31824,2483.43,-476.88,6,Electronics,Printers
B-27282,2641.78,-260.08,1,Furniture,Tables
B-34070,2234.61,406.39,2,Clothing,Stole
B-26338,1701.42,-179.52,10,Furniture,Chairs
B-35139,3796.08,-48.7,3,Clothing,Trousers
B-28631,2385.79,-110.46,9,Furniture,Furnishings
B-34351,4444.66,1347.76,5,Electronics,Printers
B-31455,180.48,-27.38,2,Electronics,Phones
B-28693,1363.9,264.94,7,Electronics,Printers
B-29854,2023.24,199.66,4,Electronics,Phones
B-26746,4062.9,-880.85,6,Electronics,Printers
B-26612,603.2,61.23,6,Clothing,Hankerchief
B-30570,1893.62,383.56,3,Electronics,Electronic Games
B-33316,2626.49,-684.36,2,Furniture,Bookcases
B-32408,3879.87,1292.14,1,Clothing,Hankerchief
B-26805,339.21,-94.57,9,Electronics,Phones
B-35000,3292.53,1022.24,9,Clothing,Trousers
B-27998,3631.5,-288.82,9,Furniture,Furnishings
B-31228,4775.4,-698.87,8,Furniture,Tables
B-29127,371.01,33.09,1,Clothing,Hankerchief
B-29189,2977.77,-718.34,9,Furniture,Tables
B-30766,437.32,-87.58,8,Clothing,Kurti
B-25609,1179.71,-65.67,3,Clothing,Stole
B-31126,325.95,90.71,3,Electronics,Phones
B-34299,173.41,-50.25,3,Clothing,Leggings
B-26962,4891.24,-238.2,9,Furniture,Bookcases
B-30809,1902.63,497.61,6,Clothing,Kurti
B-34237,4504.5,1050.84,4,Furniture,Bookcases
B-30097,3747.48,1433.29,8,Clothing,T-Shirt
B-33257,2469.18,524.38,6,Furniture,Tables
B-26533,4398.41,1490.78,8,Clothing,Shirt
B-28564,4621.86,907.74,8,Furniture,Chairs
B-30336,372.57,-105.04,9,Clothing,Stole
B-30816,1327.47,-83.25,10,Clothing,Hankerchief
B-28421,1729.77,320.55,8,Electronics,Printers
B-31802,2833.6,-664.95,6,Clothing,Kurti
B-35525,4885.82,-346.74,6,Clothing,Kurti
B-27267,1840.84,-177.73,8,Clothing,Kurti
B-29531,4654.31,-66.86,9,Clothing,Leggings
B-35562,3847.24,1413.42,9,Electronics,Printers
B-28923,2831.01,408.61,4,Electronics,Accessories
B-28220,543.89,15.14,1,Clothing,Hankerchief
B-27374,4555.85,675.09,3,Clothing,Leggings
B-33616,3073.57,-25.01,2,Electronics,Printers
B-30738,3743.75,1089.77,2,Furniture,Bookcases
B-28029,4925.18,44.42,9,Electronics,Phones
B-29417,2039.34,471.36,5,Clothing,T-Shirt
B-29653,931.97,286.48,7,Electronics,Printers
B-31927,1900.75,84.2,4,Clothing,Stole
B-33445,3610.7,1139.34,8,Electronics,Accessories
B-32885,2878.77,-809.63,9,Clothing,T-Shirt
B-28612,4673.0,-1158.29,4,Electronics,Electronic Games
B-34746,3687.3,-534.83,1,Electronics,Electronic Games
B-33042,2935.81,-165.88,3,Electronics,Accessories
B-31659,4018.6,-372.04,4,Electronics,Accessories
B-27118,1625.1,-91.67,10,Furniture,Furnishings
B-27344,4950.24,993.64,2,Clothing,Saree
B-34802,2469.78,489.02,8,Clothing,Kurti
B-30979,775.45,-103.38,2,Furniture,Chairs
B-28515,2547.0,572.5,3,Clothing,Leggings
B-32599,138.24,-9.99,10,Furniture,Tables
B-29426,2274.75,601.21,6,Electronics,Printers
B-33670,2058.84,531.8,2,Electronics,Accessories
B-31302,765.97,25.57,7,Clothing,Leggings
B-30877,309.92,-60.22,10,Furniture,Bookcases
B-34877,2912.66,1049.1,2,Furniture,Bookcases
B-28288,4933.38,-365.64,8,Furniture,Tables
B-29650,1699.82,421.56,2,Electronics,Accessories
B-31270,1564.99,-76.89,1,Clothing,Trousers
B-27280,898.18,177.21,1,Furniture,Tables
B-32155,2828.37,713.9,5,Electronics,Accessories
B-31370,1643.83,556.85,1,Electronics,Electronic Games
B-27067,4026.92,-677.35,2,Furniture,Chairs
B-32687,2816.83,965.28,2,Furniture,Furnishings
B-31038,1221.06,-23.85,2,Clothing,Stole
B-31096,2397.94,-51.91,9,Electronics,Printers
B-27505,3494.86,-346.66,7,Clothing,Skirt
B-27189,3325.54,864.52,8,Furniture,Chairs
B-29403,523.93,-136.21,8,Electronics,Printers
B-33845,429.97,22.62,4,Electronics,Phones
B-34449,1728.61,-105.27,1,Clothing,Leggings
B-27112,373.39,26.9,3,Electronics,Accessories
B-33148,3148.5,-119.75,4,Furniture,Tables
B-32886,3032.35,748.84,9,Clothing,Leggings
B-32169,3377.9,754.13,4,Electronics,Phones
B-32816,3356.67,1247.95,1,Furniture,Chairs
B-29437,406.67,83.92,9,Furniture,Tables
B-32773,2079.99,-182.75,3,Electronics,Phones
B-25812,1803.84,403.87,3,Furniture,Bookcases
B-26942,3420.62,1298.97,5,Clothing,Trousers
B-27506,3012.33,903.17,5,Furniture,Furnishings
B-27503,1199.17,286.43,10,Furniture,Bookcases
B-28089,1124.78,344.09,6,Furniture,Bookcases
B-29914,1779.52,121.89,6,Furniture,Bookcases
B-31823,2021.12,-44.21,9,Electronics,Electronic Games
B-31928,2860.13,304.44,6,Electronics,Phones
B-29385,1335.29,499.48,2,Clothing,Trousers
B-34456,4905.5,-1132.04,7,Furniture,Furnishings
B-30115,594.91,33.38,9,Electronics,Accessories
B-31361,4130.8,271.8,10,Clothing,Leggings
B-25671,927.39,-131.28,7,Electronics,Printers
B-32074,3360.58,-398.17,7,Furniture,Tables
B-26361,2382.11,636.71,2,Furniture,Tables
B-30747,919.45,361.4,4,Electronics,Accessories
B-32959,2012.76,153.74,9,Electronics,Phones
B-31960,92.35,10.65,10,Electronics,Printers
B-28726,159.29,-12.04,6,Electronics,Printers
B-29949,2074.36,413.08,5,Clothing,Trousers
B-33549,153.94,48.49,9,Clothing,Skirt
B-31924,4171.81,1521.36,8,Furniture,Bookcases
B-30986,3155.15,53.58,9,Electronics,Electronic Games
B-35298,1454.68,-67.9,5,Electronics,Accessories
B-26433,1836.86,329.85,3,Furniture,Bookcases
B-32398,4331.01,-452.41,8,Electronics,Phones
B-30587,4673.75,1376.91,8,Electronics,Phones
B-34189,945.81,-121.35,6,Clothing,T-Shirt
B-28630,3954.72,333.94,2,Electronics,Accessories
B-32717,4844.0,618.34,7,Furniture,Bookcases
B-28151,1442.73,-236.26,1,Electronics,Printers
B-32272,4582.95,1523.31,2,Furniture,Tables
B-27470,2563.68,-752.76,6,Furniture,Furnishings
B-31709,1328.0,-212.22,5,Electronics,Accessories
B-29508,1464.36,550.61,8,Furniture,Furnishings
B-28338,4534.08,-262.34,6,Furniture,Chairs
B-31658,3029.71,707.01,1,Electronics,Accessories
B-33548,3022.46,111.19,6,Electronics,Accessories
B-31789,1881.12,-281.81,9,Furniture,Bookcases
B-32310,2881.36,475.54,4,Furniture,Furnishings
B-31560,1943.19,-69.93,7,Clothing,T-Shirt
B-34215,1445.08,513.09,8,Electronics,Electronic Games
B-29912,2300.82,-208.27,8,Electronics,Printers
B-29510,3192.9,1273.96,4,Furniture,Chairs
B-28297,1165.6,460.79,2,Clothing,Hankerchief
B-27084,731.39,-28.09,5,Clothing,Leggings
B-33800,2126.15,5.32,4,Electronics,Electronic Games
B-32456,4850.3,-1188.21,3,Clothing,Hankerchief
B-34490,83.98,16.04,1,Clothing,Shirt
B-26151,236.31,19.93,10,Clothing,Skirt
B-34813,3346.91,-589.07,2,Furniture,Bookcases
B-31646,656.98,73.62,4,Clothing,Shirt
B-31320,104.73,36.96,9,Electronics,Accessories
B-30210,265.43,-53.82,4,Electronics,Accessories
B-33138,2768.42,-316.49,8,Clothing,Trousers
B-29157,4068.59,-349.46,6,Furniture,Tables
B-26835,2887.77,814.37,1,Electronics,Accessories
B-31911,432.67,37.94,7,Clothing,Skirt
B-26362,710.2,-122.3,10,Electronics,Phones
B-29615,4729.12,-643.7,7,Electronics,Accessories
B-28058,682.03,51.49,10,Electronics,Phones
B-29718,3192.77,-157.22,3,Electronics,Electronic Games
B-27863,2675.33,-156.6,2,Clothing,T-Shirt
B-29078,3310.11,-109.41,8,Clothing,Shirt
B-26094,3081.78,-356.15,7,Electronics,Printers
B-27206,3713.04,671.81,1,Furniture,Furnishings
B-34756,250.45,18.19,8,Furniture,Bookcases
B-26108,1519.71,-354.26,9,Clothing,Stole
B-31062,3796.19,926.11,4,Clothing,Trousers
B-34067,3629.66,1414.99,7,Electronics,Electronic Games
B-30902,4770.96,519.47,3,Furniture,Bookcases
B-32518,1249.1,-164.49,6,Furniture,Tables
B-35374,3984.55,1288.63,8,Clothing,Hankerchief
B-33880,4573.15,1774.37,10,Clothing,Kurti
B-26619,899.41,359.3,8,Clothing,Stole
B-35501,2617.32,-92.83,4,Clothing,Hankerchief
B-31106,2965.6,902.75,2,Clothing,Shirt
B-28418,1747.01,88.8,8,Clothing,Hankerchief
B-34025,4228.0,-514.84,5,Clothing,Shirt
B-31196,1015.69,120.79,8,Furniture,Tables
B-32980,993.93,177.31,9,Electronics,Printers
B-31632,2266.16,-213.6,1,Clothing,Saree
B-31696,1932.52,642.92,1,Furniture,Chairs
B-32328,1565.99,303.43,9,Clothing,Leggings
B-27292,2746.53,-223.29,4,Electronics,Electronic Games
B-33559,740.46,167.64,3,Clothing,Kurti
B-28347,4866.4,553.25,10,Clothing,Hankerchief
B-34179,2882.06,-202.7,2,Electronics,Phones
B-35412,2654.13,-230.63,10,Electronics,Printers
B-35559,1823.66,340.83,3,Clothing,T-Shirt
B-33646,2003.72,631.27,2,Electronics,Printers
B-27154,375.77,1.58,2,Clothing,Skirt
B-33091,1856.91,-325.8,4,Electronics,Electronic Games
B-27387,1431.8,416.88,1,Furniture,Furnishings
B-35367,192.51,-16.87,1,Electronics,Electronic Games
B-34108,4529.92,-912.0,9,Furniture,Tables
B-35245,4858.64,-188.07,8,Clothing,T-Shirt
B-26445,4485.66,-655.56,1,Furniture,Chairs
B-29994,1995.03,404.35,4,Furniture,Chairs
B-30884,1242.34,130.54,1,Clothing,Stole
B-32366,4703.28,1620.42,9,Electronics,Electronic Games
B-30356,1624.36,-393.01,6,Clothing,T-Shirt
B-34417,470.5,154.21,7,Clothing,Stole
B-33647,1315.93,435.57,8,Furniture,Bookcases
B-27655,4761.33,-1354.48,7,Clothing,Trousers
B-26212,2440.92,-59.18,8,Furniture,Chairs
B-26642,2678.74,877.67,3,Electronics,Accessories
B-28587,1415.22,456.17,8,Furniture,Chairs
B-33718,2672.03,686.99,4,Furniture,Furnishings
B-28159,4091.98,398.71,5,Electronics,Electronic Games
B-35328,449.41,-85.79,2,Clothing,Hankerchief
B-35310,2906.6,261.09,3,Electronics,Electronic Games
B-35591,4886.77,-663.93,8,Clothing,Stole
B-28427,621.51,146.6,1,Electronics,Phones
B-34022,514.62,18.18,5,Furniture,Tables
B-27872,1221.92,329.39,1,Electronics,Printers
B-26274,695.57,78.18,7,Clothing,Saree
B-25888,3857.89,1131.37,4,Furniture,Chairs
B-29367,1473.1,57.84,10,Furniture,Bookcases
B-27233,1595.64,222.71,9,Clothing,Saree
B-27399,2616.34,1031.22,6,Furniture,Tables
B-26983,2660.01,-517.91,10,Clothing,T-Shirt
B-29982,2094.18,-425.48,6,Clothing,Leggings
B-29637,1425.61,140.38,5,Furniture,Tables
B-29428,4145.3,1177.86,8,Clothing,Saree
B-35510,4340.57,1229.26,6,Electronics,Printers
B-26216,1680.14,82.25,4,Furniture,Bookcases
B-35181,3737.67,-159.0,9,Electronics,Printers
B-27951,814.27,-87.54,9,Clothing,Trousers
B-32115,750.33,256.84,1,Clothing,Skirt
B-29546,4878.04,-1400.52,2,Clothing,Kurti
B-34801,4138.34,-776.88,3,Electronics,Accessories
B-25855,3390.19,533.82,4,Clothing,Leggings
B-29457,3328.78,755.18,3,Furniture,Bookcases
B-27485,4529.37,1808.36,5,Clothing,Shirt
B-28753,3115.83,-541.63,6,Electronics,Accessories
B-29219,3883.4,-129.5,1,Clothing,Skirt
B-34477,1283.71,-13.43,10,Electronics,Electronic Games
B-33223,3799.06,-29.45,9,Clothing,Saree
B-27158,3017.17,897.17,10,Electronics,Phones
B-30114,65.54,6.4,5,Electronics,Printers
B-33296,4133.12,-187.63,4,Furniture,Bookcases
B-31562,2865.66,-508.99,3,Furniture,Bookcases
B-31656,2508.64,922.31,3,Electronics,Phones
B-30556,2596.65,57.09,3,Furniture,Furnishings
B-32526,3024.19,1086.93,6,Electronics,Phones
B-34023,1713.55,-189.39,10,Electronics,Accessories
B-34494,4558.5,593.67,1,Clothing,Kurti
B-33306,3892.5,-275.76,3,Electronics,Phones
B-35400,2555.21,782.97,10,Electronics,Printers
B-27403,3356.33,23.43,8,Electronics,Printers
B-31477,1647.91,314.89,1,Clothing,Shirt
B-30620,4135.64,1077.52,5,Electronics,Electronic Games
B-31198,1434.98,147.38,3,Furniture,Chairs
B-28490,4298.98,-357.41,4,Clothing,Kurti
B-32732,4684.52,628.03,10,Furniture,Furnishings
B-33686,1406.65,562.61,8,Electronics,Electronic Games
B-35326,684.71,73.9,5,Electronics,Phones
B-26731,4855.69,-467.31,8,Electronics,Accessories
B-31670,1520.41,-335.06,4,Electronics,Accessories
B-33132,1665.72,-237.18,3,Electronics,Accessories
B-26600,2507.12,-489.46,4,Clothing,Kurti
B-33616,413.45,-82.31,5,Electronics,Accessories
B-32564,3464.45,-970.11,5,Furniture,Bookcases
B-34740,514.24,33.63,5,Furniture,Furnishings
B-28467,2765.52,-790.65,6,Clothing,T-Shirt
B-25988,2220.99,441.45,9,Clothing,Leggings
B-34108,1759.0,-281.08,1,Clothing,Shirt
B-31146,108.59,30.65,7,Furniture,Tables
B-25788,4525.75,-375.35,9,Clothing,Trousers
B-28528,414.6,-64.69,6,Clothing,Leggings
B-29864,4304.51,434.11,8,Electronics,Electronic Games
B-30203,1017.63,-117.64,9,Furniture,Tables
B-27566,2609.71,-6.65,4,Clothing,Stole
B-34163,1352.3,404.73,10,Electronics,Phones
B-29045,4672.4,471.05,1,Clothing,Saree
B-30171,3939.75,1526.33,5,Electronics,Accessories
B-26191,1720.55,209.65,8,Clothing,Skirt
B-30412,2268.17,137.81,3,Electronics,Printers
B-31047,1625.24,563.41,7,Furniture,Tables
B-33180,2047.94,-242.54,7,Clothing,Saree
B-28453,4075.89,-3.45,1,Clothing,Hankerchief
B-32910,3308.68,374.36,9,Furniture,Chairs
B-30498,3647.89,652.48,4,Clothing,Trousers
B-27070,2960.41,1075.31,10,Furniture,Furnishings
B-30629,1480.03,-212.43,2,Furniture,Tables
B-31657,2842.93,-349.93,7,Furniture,Tables
B-27963,1225.11,-134.87,9,Electronics,Electronic Games
B-33821,4260.51,848.78,3,Clothing,Shirt
B-33512,505.23,165.71,2,Furniture,Bookcases
B-27090,3022.81,-204.44,5,Electronics,Accessories
B-26393,163.21,-0.81,8,Clothing,Trousers
B-26611,664.92,82.73,8,Furniture,Bookcases
B-30508,4314.02,59.14,3,Furniture,Tables
B-32927,1039.95,67.18,1,Clothing,Trousers
B-30266,3777.21,-481.22,8,Clothing,T-Shirt
B-34099,505.95,24.71,8,Clothing,Kurti
B-28037,2932.53,478.74,4,Clothing,Skirt
B-32652,2612.65,493.1,4,Furniture,Chairs
B-27910,505.33,62.35,1,Clothing,T-Shirt
B-29202,4072.06,-25.72,6,Clothing,Skirt
B-34570,1354.08,-325.69,4,Furniture,Tables
B-32876,2773.5,189.45,5,Clothing,Skirt
B-32708,2554.21,947.95,10,Clothing,Skirt
B-30842,4813.28,1775.26,1,Clothing,T-Shirt
B-28539,2221.02,785.01,3,Furniture,Bookcases
B-34843,836.66,-155.27,4,Clothing,Trousers
B-35044,865.69,275.34,10,Electronics,Accessories
B-31705,3474.44,-664.45,3,Clothing,Hankerchief
B-25609,106.07,-13.33,3,Clothing,Kurti
B-32484,3087.89,1045.31,1,Clothing,Hankerchief
B-26336,2705.76,400.25,7,Electronics,Phones
B-32618,1330.9,-249.2,2,Electronics,Accessories
B-28855,1973.6,-52.93,1,Clothing,Hankerchief
B-28868,3701.18,908.95,3,Furniture,Chairs
B-33396,582.92,28.01,3,Furniture,Tables
B-27775,1684.46,-469.71,4,Electronics,Accessories
B-35502,1077.01,358.39,6,Electronics,Accessories
B-35249,582.27,-14.69,9,Furniture,Furnishings
B-31676,1276.74,327.59,4,Furniture,Furnishings
B-26183,2946.11,878.36,7,Electronics,Printers
B-29707,953.75,90.36,9,Clothing,Skirt
B-33215,1986.16,256.49,3,Clothing,Trousers
B-31006,4923.93,638.76,8,Clothing,Stole
B-28291,687.66,77.38,2,Electronics,Electronic Games
B-34247,3350.58,-86.27,2,Clothing,Kurti
B-29765,1555.67,-298.88,4,Furniture,Chairs
B-31127,1583.01,338.51,10,Electronics,Accessories
B-33912,3974.84,-903.43,5,Furniture,Furnishings
B-32252,356.95,52.2,8,Electronics,Printers
B-31550,370.23,62.83,3,Furniture,Chairs
B-34800,976.59,80.02,1,Furniture,Chairs
B-33987,751.02,-58.18,3,Electronics,Printers
B-33199,4910.46,-657.65,3,Clothing,Stole
B-34131,4189.99,999.38,3,Furniture,Bookcases
B-35181,1651.59,243.94,7,Clothing,Skirt
B-27233,4277.47,1477.58,6,Furniture,Tables
B-30972,4936.04,1399.02,8,Clothing,Hankerchief
B-33281,4847.79,1469.17,4,Furniture,Tables
B-30921,3173.23,440.66,6,Furniture,Tables
B-28754,3664.93,558.4,3,Electronics,Electronic Games
B-32477,84.1,11.29,6,Electronics,Phones
B-28101,2498.42,451.21,10,Electronics,Electronic Games
B-28197,896.69,285.83,6,Electronics,Electronic Games
B-27335,4983.43,749.56,7,Clothing,Saree
B-35577,4671.14,918.64,4,Clothing,Skirt
B-28471,1880.03,234.9,5,Furniture,Chairs
B-29258,2246.45,326.18,8,Clothing,Trousers
B-34242,1875.06,-398.23,2,Clothing,T-Shirt
B-35472,2700.64,-239.58,4,Furniture,Bookcases
B-29203,1588.87,335.86,7,Clothing,Leggings
B-30457,4714.67,-1154.68,10,Electronics,Phones
B-32601,3875.34,-106.29,7,Clothing,Saree
B-28034,3236.89,-128.38,7,Furniture,Bookcases
B-29713,87.66,5.62,3,Electronics,Printers
B-33537,2942.97,-408.28,10,Electronics,Printers
B-34037,3792.66,74.23,8,Furniture,Furnishings
B-32664,2168.93,371.41,4,Furniture,Furnishings
B-32885,1984.7,-383.38,4,Furniture,Tables
B-27627,1716.65,-157.13,5,Clothing,T-Shirt
B-27224,4801.92,-66.77,5,Furniture,Tables
B-35461,519.52,3.5,2,Clothing,Saree
B-28627,264.73,-25.72,10,Electronics,Printers
B-29801,1242.42,194.98,2,Furniture,Furnishings
B-32015,4229.52,1188.02,10,Clothing,Skirt
B-26715,2039.39,35.18,9,Clothing,Saree
B-33793,2631.38,-47.81,1,Clothing,Leggings
B-31448,3115.79,-21.86,5,Furniture,Bookcases
B-29338,780.38,34.38,4,Electronics,Accessories
B-26231,4881.88,1555.28,6,Clothing,Stole
B-25924,3209.4,76.33,6,Furniture,Bookcases
B-27082,3692.71,-1063.11,1,Clothing,Shirt
B-25641,4822.6,1102.07,2,Electronics,Phones
B-30597,2967.56,-358.74,8,Furniture,Bookcases
B-27142,3379.86,397.24,1,Electronics,Printers
B-29581,484.19,-58.03,3,Furniture,Bookcases
B-27134,3085.83,-99.82,6,Furniture,Chairs
B-27017,942.77,-98.56,3,Furniture,Furnishings
B-28737,1302.01,138.43,7,Electronics,Phones
B-34190,656.45,-4.52,4,Electronics,Phones
B-32343,919.67,-11.69,3,Electronics,Printers
B-35260,4114.25,66.49,3,Clothing,T-Shirt
B-34056,3955.13,1082.43,5,Clothing,Kurti
B-35086,1505.1,483.58,3,Electronics,Electronic Games
B-35123,1504.89,191.54,8,Clothing,Stole
B-31081,3815.97,1188.11,3,Clothing,Shirt
B-33170,4530.01,744.91,5,Furniture,Furnishings
B-26146,1174.8,61.36,4,Clothing,Shirt
B-35545,1731.9,507.08,6,Clothing,Trousers
B-31192,1557.08,-357.19,9,Furniture,Tables
B-30211,146.33,-7.86,5,Furniture,Bookcases
B-35140,4506.15,1059.74,3,Electronics,Printers
B-28339,624.27,-111.24,3,Clothing,Kurti
B-32456,682.02,45.63,6,Clothing,Trousers
B-27672,2573.49,890.1,1,Furniture,Bookcases
B-27498,52.26,9.14,4,Clothing,Saree
B-35200,3265.67,528.59,9,Electronics,Electronic Games
B-26397,803.11,-209.72,9,Clothing,Saree
B-25658,2059.36,188.96,8,Electronics,Phones
B-34841,231.17,47.4,4,Clothing,Shirt
B-34747,3635.18,821.28,2,Furniture,Bookcases
B-33986,4309.0,427.63,3,Clothing,Leggings
B-27067,3153.83,687.28,6,Clothing,T-Shirt
B-28109,286.57,-2.19,3,Clothing,Leggings
B-31811,2386.18,-679.82,4,Clothing,Stole
B-27145,4320.98,-1029.95,10,Clothing,Skirt
B-33583,1027.81,313.94,4,Clothing,Leggings
B-33756,1424.9,383.46,3,Electronics,Electronic Games
B-31291,3599.39,-247.53,6,Clothing,Saree
B-33067,3371.45,1331.78,8,Clothing,Leggings
B-33170,1687.01,125.51,9,Clothing,Kurti
B-28500,1672.29,558.16,2,Furniture,Furnishings
B-27538,2949.53,526.96,6,Clothing,Shirt
B-30662,4487.67,432.18,7,Clothing,Skirt
B-28639,1976.27,-5.28,7,Electronics,Accessories
B-34289,3592.82,-980.66,3,Electronics,Accessories
B-34689,381.35,47.45,4,Electronics,Accessories
B-33148,2208.72,425.71,8,Furniture,Chairs
B-30343,4752.41,1134.34,2,Electronics,Accessories
B-27470,2215.19,377.46,10,Clothing,Hankerchief
B-32703,3697.69,120.06,6,Clothing,Shirt
B-26920,950.58,233.23,1,Furniture,Tables
B-34705,4944.22,-369.32,1,Clothing,Shirt
B-34899,4401.77,-457.62,5,Clothing,Leggings
B-28952,414.06,-118.5,7,Furniture,Furnishings
B-35103,2466.18,144.44,2,Furniture,Furnishings
B-34139,4712.47,1340.76,5,Electronics,Phones
B-28627,4208.13,387.23,1,Electronics,Phones
B-26163,2132.74,-106.52,5,Furniture,Chairs
B-30885,370.94,-8.56,1,Clothing,Trousers
B-31439,705.41,6.57,1,Clothing,Stole
B-26515,4033.42,640.69,2,Furniture,Furnishings
B-32344,3503.39,-646.38,10,Clothing,Shirt
B-30470,3509.65,270.61,8,Furniture,Chairs
B-33038,3173.06,228.8,2,Furniture,Bookcases
B-28876,3629.36,911.34,6,Furniture,Chairs
B-28628,1361.67,383.42,7,Clothing,Stole
B-28022,972.78,104.65,8,Furniture,Bookcases
B-31200,4879.33,803.02,2,Clothing,Shirt
B-31210,1923.58,275.97,5,Clothing,Saree
B-28850,4707.61,401.82,2,Clothing,Stole
B-27359,3336.07,59.59,1,Electronics,Accessories
B-25784,1177.67,-340.31,1,Clothing,Shirt
B-34916,4485.97,1110.8,2,Electronics,Printers
B-27046,1351.67,524.98,4,Furniture,Bookcases
B-32922,2829.05,18.95,8,Furniture,Bookcases
B-25687,4017.87,323.51,5,Clothing,Skirt
B-30529,1602.8,-256.97,7,Electronics,Phones
B-25871,1866.59,63.97,1,Furniture,Chairs
B-35123,4754.26,-252.28,4,Electronics,Printers
B-31382,2383.71,285.41,8,Clothing,T-Shirt
B-34910,500.83,134.66,10,Clothing,Skirt
B-28628,3247.7,491.6,9,Clothing,Saree
B-33762,4142.35,1296.46,6,Clothing,Kurti
B-31083,1394.13,-177.51,1,Clothing,Saree
B-29938,3858.41,-380.16,1,Furniture,Tables
B-33030,2750.46,-51.92,7,Clothing,Shirt
B-31599,2015.34,347.02,7,Furniture,Bookcases
B-34551,1784.01,-181.27,2,Electronics,Printers
B-31177,4800.95,-1327.72,4,Furniture,Tables
B-28438,1077.63,-157.45,6,Clothing,T-Shirt
B-26175,417.81,11.96,9,Electronics,Printers
B-32046,3939.87,1327.92,1,Furniture,Tables
B-34337,4238.29,848.95,4,Clothing,Kurti
B-27923,144.72,29.34,4,Electronics,Electronic Games
B-34373,1582.46,293.21,9,Furniture,Furnishings
B-32147,1962.29,-412.97,6,Clothing,T-Shirt
B-34821,2735.7,-329.29,4,Clothing,Leggings
B-31541,4939.44,-1278.85,5,Clothing,Shirt
B-28796,1068.12,329.31,6,Clothing,Trousers
B-35036,1812.27,257.91,2,Clothing,Trousers
B-35322,2498.83,38.82,9,Furniture,Bookcases
B-26698,2383.74,268.14,9,Clothing,T-Shirt
B-29399,4220.12,387.66,10,Clothing,T-Shirt
B-34526,76.93,2.38,7,Clothing,Skirt
B-30671,1229.86,-320.01,5,Furniture,Bookcases
B-30845,2184.31,-357.34,7,Furniture,Bookcases
B-32380,4460.26,89.6,4,Clothing,Saree
B-33472,4337.67,-760.12,4,Clothing,Trousers
B-30842,2128.29,387.4,5,Furniture,Furnishings
B-27796,4981.88,1238.36,7,Furniture,Chairs
B-28148,1309.21,-159.02,2,Clothing,Hankerchief
B-28539,792.33,206.83,7,Clothing,Leggings
B-26495,2227.31,-510.48,3,Furniture,Bookcases
B-28765,1032.42,262.1,2,Furniture,Furnishings
B-30172,430.58,-69.25,1,Furniture,Furnishings
B-30088,3887.84,-973.42,6,Clothing,Shirt
B-28975,3472.84,166.63,8,Furniture,Bookcases
B-35228,2540.54,33.41,8,Clothing,Hankerchief
B-28016,4201.83,-451.47,10,Clothing,T-Shirt
B-26291,1371.77,-381.86,1,Furniture,Furnishings
